Path,Label
28-05-2024/ASC-H\10.png,ASC-H
28-05-2024/ASC-H\10000.png,ASC-H
28-05-2024/ASC-H\10001.png,ASC-H
28-05-2024/ASC-H\10002.png,ASC-H
28-05-2024/ASC-H\10003.png,ASC-H
28-05-2024/ASC-H\10004.png,ASC-H
28-05-2024/ASC-H\10005.png,ASC-H
28-05-2024/ASC-H\10006.png,ASC-H
28-05-2024/ASC-H\10007.png,ASC-H
28-05-2024/ASC-H\10008.png,ASC-H
28-05-2024/ASC-H\10009.png,ASC-H
28-05-2024/ASC-H\10010.png,ASC-H
28-05-2024/ASC-H\10011.png,ASC-H
28-05-2024/ASC-H\10012.png,ASC-H
28-05-2024/ASC-H\10013.png,ASC-H
28-05-2024/ASC-H\10014.png,ASC-H
28-05-2024/ASC-H\10015.png,ASC-H
28-05-2024/ASC-H\10016.png,ASC-H
28-05-2024/ASC-H\10017.png,ASC-H
28-05-2024/ASC-H\10018.png,ASC-H
28-05-2024/ASC-H\10019.png,ASC-H
28-05-2024/ASC-H\10020.png,ASC-H
28-05-2024/ASC-H\10021.png,ASC-H
28-05-2024/ASC-H\10022.png,ASC-H
28-05-2024/ASC-H\10023.png,ASC-H
28-05-2024/ASC-H\10024.png,ASC-H
28-05-2024/ASC-H\10025.png,ASC-H
28-05-2024/ASC-H\10026.png,ASC-H
28-05-2024/ASC-H\10027.png,ASC-H
28-05-2024/ASC-H\10028.png,ASC-H
28-05-2024/ASC-H\10029.png,ASC-H
28-05-2024/ASC-H\10030.png,ASC-H
28-05-2024/ASC-H\10031.png,ASC-H
28-05-2024/ASC-H\10032.png,ASC-H
28-05-2024/ASC-H\10033.png,ASC-H
28-05-2024/ASC-H\10035.png,ASC-H
28-05-2024/ASC-H\11.png,ASC-H
28-05-2024/ASC-H\12.png,ASC-H
28-05-2024/ASC-H\13.png,ASC-H
28-05-2024/ASC-H\14.png,ASC-H
28-05-2024/ASC-H\15.png,ASC-H
28-05-2024/ASC-H\16.png,ASC-H
28-05-2024/ASC-H\17.png,ASC-H
28-05-2024/ASC-H\1906.png,ASC-H
28-05-2024/ASC-H\1907.png,ASC-H
28-05-2024/ASC-H\1908.png,ASC-H
28-05-2024/ASC-H\1909.png,ASC-H
28-05-2024/ASC-H\1910.png,ASC-H
28-05-2024/ASC-H\1911.png,ASC-H
28-05-2024/ASC-H\1912.png,ASC-H
28-05-2024/ASC-H\1913.png,ASC-H
28-05-2024/ASC-H\1914.png,ASC-H
28-05-2024/ASC-H\1915.png,ASC-H
28-05-2024/ASC-H\1916.png,ASC-H
28-05-2024/ASC-H\1917.png,ASC-H
28-05-2024/ASC-H\1918.png,ASC-H
28-05-2024/ASC-H\1919.png,ASC-H
28-05-2024/ASC-H\1920.png,ASC-H
28-05-2024/ASC-H\1921.png,ASC-H
28-05-2024/ASC-H\1922.png,ASC-H
28-05-2024/ASC-H\1923.png,ASC-H
28-05-2024/ASC-H\1924.png,ASC-H
28-05-2024/ASC-H\1925.png,ASC-H
28-05-2024/ASC-H\1926.png,ASC-H
28-05-2024/ASC-H\1927.png,ASC-H
28-05-2024/ASC-H\1928.png,ASC-H
28-05-2024/ASC-H\1929.png,ASC-H
28-05-2024/ASC-H\1930.png,ASC-H
28-05-2024/ASC-H\1931.png,ASC-H
28-05-2024/ASC-H\1932.png,ASC-H
28-05-2024/ASC-H\1933.png,ASC-H
28-05-2024/ASC-H\1934.png,ASC-H
28-05-2024/ASC-H\1975.png,ASC-H
28-05-2024/ASC-H\1976.png,ASC-H
28-05-2024/ASC-H\1977.png,ASC-H
28-05-2024/ASC-H\1978.png,ASC-H
28-05-2024/ASC-H\1979.png,ASC-H
28-05-2024/ASC-H\1980.png,ASC-H
28-05-2024/ASC-H\1981.png,ASC-H
28-05-2024/ASC-H\1982.png,ASC-H
28-05-2024/ASC-H\1983.png,ASC-H
28-05-2024/ASC-H\1984.png,ASC-H
28-05-2024/ASC-H\1985.png,ASC-H
28-05-2024/ASC-H\1986.png,ASC-H
28-05-2024/ASC-H\1987.png,ASC-H
28-05-2024/ASC-H\1988.png,ASC-H
28-05-2024/ASC-H\1989.png,ASC-H
28-05-2024/ASC-H\1990.png,ASC-H
28-05-2024/ASC-H\1991.png,ASC-H
28-05-2024/ASC-H\1992.png,ASC-H
28-05-2024/ASC-H\1993.png,ASC-H
28-05-2024/ASC-H\1994.png,ASC-H
28-05-2024/ASC-H\1995.png,ASC-H
28-05-2024/ASC-H\1996.png,ASC-H
28-05-2024/ASC-H\1997.png,ASC-H
28-05-2024/ASC-H\1998.png,ASC-H
28-05-2024/ASC-H\1999.png,ASC-H
28-05-2024/ASC-H\2000.png,ASC-H
28-05-2024/ASC-H\2001.png,ASC-H
28-05-2024/ASC-H\2002.png,ASC-H
28-05-2024/ASC-H\2003.png,ASC-H
28-05-2024/ASC-H\2004.png,ASC-H
28-05-2024/ASC-H\2005.png,ASC-H
28-05-2024/ASC-H\2006.png,ASC-H
28-05-2024/ASC-H\2007.png,ASC-H
28-05-2024/ASC-H\2008.png,ASC-H
28-05-2024/ASC-H\2009.png,ASC-H
28-05-2024/ASC-H\2010.png,ASC-H
28-05-2024/ASC-H\2011.png,ASC-H
28-05-2024/ASC-H\2012.png,ASC-H
28-05-2024/ASC-H\2013.png,ASC-H
28-05-2024/ASC-H\2014.png,ASC-H
28-05-2024/ASC-H\2015.png,ASC-H
28-05-2024/ASC-H\2016.png,ASC-H
28-05-2024/ASC-H\2017.png,ASC-H
28-05-2024/ASC-H\2018.png,ASC-H
28-05-2024/ASC-H\2019.png,ASC-H
28-05-2024/ASC-H\2020.png,ASC-H
28-05-2024/ASC-H\2021.png,ASC-H
28-05-2024/ASC-H\2022.png,ASC-H
28-05-2024/ASC-H\2023.png,ASC-H
28-05-2024/ASC-H\2024.png,ASC-H
28-05-2024/ASC-H\2025.png,ASC-H
28-05-2024/ASC-H\27.png,ASC-H
28-05-2024/ASC-H\28.png,ASC-H
28-05-2024/ASC-H\29.png,ASC-H
28-05-2024/ASC-H\30.png,ASC-H
28-05-2024/ASC-H\31.png,ASC-H
28-05-2024/ASC-H\32.png,ASC-H
28-05-2024/ASC-H\33.png,ASC-H
28-05-2024/ASC-H\34.png,ASC-H
28-05-2024/ASC-H\36.png,ASC-H
28-05-2024/ASC-H\38.png,ASC-H
28-05-2024/ASC-H\39.png,ASC-H
28-05-2024/ASC-H\40.png,ASC-H
28-05-2024/ASC-H\804.png,ASC-H
28-05-2024/ASC-H\805.png,ASC-H
28-05-2024/ASC-H\806.png,ASC-H
28-05-2024/ASC-H\807.png,ASC-H
28-05-2024/ASC-H\808.png,ASC-H
28-05-2024/ASC-H\809.png,ASC-H
28-05-2024/ASC-H\810.png,ASC-H
28-05-2024/ASC-H\811.png,ASC-H
28-05-2024/ASC-H\812.png,ASC-H
28-05-2024/ASC-H\813.png,ASC-H
28-05-2024/ASC-H\9071.png,ASC-H
28-05-2024/ASC-H\9072.png,ASC-H
28-05-2024/ASC-H\9073.png,ASC-H
28-05-2024/ASC-H\9074.png,ASC-H
28-05-2024/ASC-H\9075.png,ASC-H
28-05-2024/ASC-H\9076.png,ASC-H
28-05-2024/ASC-H\9077.png,ASC-H
28-05-2024/ASC-H\9078.png,ASC-H
28-05-2024/ASC-H\9079.png,ASC-H
28-05-2024/ASC-H\9080.png,ASC-H
28-05-2024/ASC-H\9081.png,ASC-H
28-05-2024/ASC-H\9082.png,ASC-H
28-05-2024/ASC-H\9083.png,ASC-H
28-05-2024/ASC-H\9084.png,ASC-H
28-05-2024/ASC-H\9085.png,ASC-H
28-05-2024/ASC-H\9086.png,ASC-H
28-05-2024/ASC-H\9087.png,ASC-H
28-05-2024/ASC-H\9088.png,ASC-H
28-05-2024/ASC-H\9089.png,ASC-H
28-05-2024/ASC-H\9090.png,ASC-H
28-05-2024/ASC-H\9091.png,ASC-H
28-05-2024/ASC-H\9092.png,ASC-H
28-05-2024/ASC-H\9093.png,ASC-H
28-05-2024/ASC-H\9094.png,ASC-H
28-05-2024/ASC-H\9095.png,ASC-H
28-05-2024/ASC-H\9096.png,ASC-H
28-05-2024/ASC-H\9097.png,ASC-H
28-05-2024/ASC-H\9098.png,ASC-H
28-05-2024/ASC-H\9099.png,ASC-H
28-05-2024/ASC-H\9100.png,ASC-H
28-05-2024/ASC-H\9101.png,ASC-H
28-05-2024/ASC-H\9102.png,ASC-H
28-05-2024/ASC-H\9103.png,ASC-H
28-05-2024/ASC-H\9104.png,ASC-H
28-05-2024/ASC-H\9105.png,ASC-H
28-05-2024/ASC-H\9106.png,ASC-H
28-05-2024/ASC-H\9107.png,ASC-H
28-05-2024/ASC-H\9108.png,ASC-H
28-05-2024/ASC-H\9109.png,ASC-H
28-05-2024/ASC-H\9110.png,ASC-H
28-05-2024/ASC-H\9111.png,ASC-H
28-05-2024/ASC-H\9112.png,ASC-H
28-05-2024/ASC-H\9113.png,ASC-H
28-05-2024/ASC-H\9114.png,ASC-H
28-05-2024/ASC-H\9115.png,ASC-H
28-05-2024/ASC-H\9116.png,ASC-H
28-05-2024/ASC-H\9117.png,ASC-H
28-05-2024/ASC-H\9118.png,ASC-H
28-05-2024/ASC-H\936.png,ASC-H
28-05-2024/ASC-H\937.png,ASC-H
28-05-2024/ASC-H\938.png,ASC-H
28-05-2024/ASC-H\939.png,ASC-H
28-05-2024/ASC-H\940.png,ASC-H
28-05-2024/ASC-H\941.png,ASC-H
28-05-2024/ASC-H\942.png,ASC-H
28-05-2024/ASC-H\943.png,ASC-H
28-05-2024/ASC-H\944.png,ASC-H
28-05-2024/ASC-H\945.png,ASC-H
28-05-2024/ASC-H\946.png,ASC-H
28-05-2024/ASC-H\947.png,ASC-H
28-05-2024/ASC-H\9513.png,ASC-H
28-05-2024/ASC-H\9514.png,ASC-H
28-05-2024/ASC-H\9515.png,ASC-H
28-05-2024/ASC-H\9516.png,ASC-H
28-05-2024/ASC-H\9517.png,ASC-H
28-05-2024/ASC-H\9518.png,ASC-H
28-05-2024/ASC-H\9519.png,ASC-H
28-05-2024/ASC-H\9520.png,ASC-H
28-05-2024/ASC-H\9521.png,ASC-H
28-05-2024/ASC-H\9522.png,ASC-H
28-05-2024/ASC-H\9523.png,ASC-H
28-05-2024/ASC-H\9524.png,ASC-H
28-05-2024/ASC-H\9525.png,ASC-H
28-05-2024/ASC-H\9526.png,ASC-H
28-05-2024/ASC-H\9527.png,ASC-H
28-05-2024/ASC-H\9528.png,ASC-H
28-05-2024/ASC-H\9529.png,ASC-H
28-05-2024/ASC-H\9530.png,ASC-H
28-05-2024/ASC-H\9531.png,ASC-H
28-05-2024/ASC-H\9532.png,ASC-H
28-05-2024/ASC-H\9533.png,ASC-H
28-05-2024/ASC-H\9534.png,ASC-H
28-05-2024/ASC-H\9535.png,ASC-H
28-05-2024/ASC-H\9536.png,ASC-H
28-05-2024/ASC-H\9537.png,ASC-H
28-05-2024/ASC-H\9538.png,ASC-H
28-05-2024/ASC-H\9539.png,ASC-H
28-05-2024/ASC-H\9540.png,ASC-H
28-05-2024/ASC-H\9541.png,ASC-H
28-05-2024/ASC-H\9542.png,ASC-H
28-05-2024/ASC-H\9543.png,ASC-H
28-05-2024/ASC-H\9544.png,ASC-H
28-05-2024/ASC-H\9545.png,ASC-H
28-05-2024/ASC-H\9546.png,ASC-H
28-05-2024/ASC-H\9547.png,ASC-H
28-05-2024/ASC-H\9548.png,ASC-H
28-05-2024/ASC-H\9549.png,ASC-H
28-05-2024/ASC-H\9550.png,ASC-H
28-05-2024/ASC-H\9551.png,ASC-H
28-05-2024/ASC-H\9552.png,ASC-H
28-05-2024/ASC-H\9712.png,ASC-H
28-05-2024/ASC-H\9713.png,ASC-H
28-05-2024/ASC-H\9714.png,ASC-H
28-05-2024/ASC-H\9715.png,ASC-H
28-05-2024/ASC-H\9716.png,ASC-H
28-05-2024/ASC-H\9717.png,ASC-H
28-05-2024/ASC-H\9718.png,ASC-H
28-05-2024/ASC-H\9719.png,ASC-H
28-05-2024/ASC-H\9720.png,ASC-H
28-05-2024/ASC-H\9721.png,ASC-H
28-05-2024/ASC-H\9722.png,ASC-H
28-05-2024/ASC-H\9723.png,ASC-H
28-05-2024/ASC-H\9724.png,ASC-H
28-05-2024/ASC-H\9725.png,ASC-H
28-05-2024/ASC-H\9726.png,ASC-H
28-05-2024/ASC-H\9727.png,ASC-H
28-05-2024/ASC-H\9728.png,ASC-H
28-05-2024/ASC-H\9729.png,ASC-H
28-05-2024/ASC-H\9730.png,ASC-H
28-05-2024/ASC-H\9731.png,ASC-H
28-05-2024/ASC-H\9732.png,ASC-H
28-05-2024/ASC-H\9733.png,ASC-H
28-05-2024/ASC-H\9734.png,ASC-H
28-05-2024/ASC-H\9735.png,ASC-H
28-05-2024/ASC-H\9736.png,ASC-H
28-05-2024/ASC-H\9737.png,ASC-H
28-05-2024/ASC-H\9738.png,ASC-H
28-05-2024/ASC-H\9739.png,ASC-H
28-05-2024/ASC-H\9740.png,ASC-H
28-05-2024/ASC-H\9741.png,ASC-H
28-05-2024/ASC-H\9742.png,ASC-H
28-05-2024/ASC-H\9743.png,ASC-H
28-05-2024/ASC-H\9744.png,ASC-H
28-05-2024/ASC-H\9745.png,ASC-H
28-05-2024/ASC-H\9746.png,ASC-H
28-05-2024/ASC-H\9747.png,ASC-H
28-05-2024/ASC-H\9748.png,ASC-H
28-05-2024/ASC-H\9749.png,ASC-H
28-05-2024/ASC-H\9750.png,ASC-H
28-05-2024/ASC-H\9751.png,ASC-H
28-05-2024/ASC-H\9752.png,ASC-H
28-05-2024/ASC-H\9753.png,ASC-H
28-05-2024/ASC-H\9754.png,ASC-H
28-05-2024/ASC-H\9755.png,ASC-H
28-05-2024/ASC-H\9756.png,ASC-H
28-05-2024/ASC-H\9757.png,ASC-H
28-05-2024/ASC-H\9758.png,ASC-H
28-05-2024/ASC-H\9759.png,ASC-H
28-05-2024/ASC-H\9760.png,ASC-H
28-05-2024/ASC-H\9761.png,ASC-H
28-05-2024/ASC-H\9762.png,ASC-H
28-05-2024/ASC-H\9763.png,ASC-H
28-05-2024/ASC-H\9764.png,ASC-H
28-05-2024/ASC-H\9765.png,ASC-H
28-05-2024/ASC-H\9766.png,ASC-H
28-05-2024/ASC-H\9767.png,ASC-H
28-05-2024/ASC-H\9768.png,ASC-H
28-05-2024/ASC-H\9769.png,ASC-H
28-05-2024/ASC-H\9770.png,ASC-H
28-05-2024/ASC-H\9771.png,ASC-H
28-05-2024/ASC-H\9772.png,ASC-H
28-05-2024/ASC-H\9773.png,ASC-H
28-05-2024/ASC-H\9774.png,ASC-H
28-05-2024/ASC-H\9775.png,ASC-H
28-05-2024/ASC-H\9776.png,ASC-H
28-05-2024/ASC-H\9777.png,ASC-H
28-05-2024/ASC-H\9778.png,ASC-H
28-05-2024/ASC-H\9779.png,ASC-H
28-05-2024/ASC-H\9780.png,ASC-H
28-05-2024/ASC-H\9781.png,ASC-H
28-05-2024/ASC-H\9782.png,ASC-H
28-05-2024/ASC-H\9783.png,ASC-H
28-05-2024/ASC-H\9784.png,ASC-H
28-05-2024/ASC-H\9785.png,ASC-H
28-05-2024/ASC-H\9786.png,ASC-H
28-05-2024/ASC-H\9953.png,ASC-H
28-05-2024/ASC-H\9954.png,ASC-H
28-05-2024/ASC-H\9955.png,ASC-H
28-05-2024/ASC-H\9982.png,ASC-H
28-05-2024/ASC-H\9983.png,ASC-H
28-05-2024/ASC-H\9984.png,ASC-H
28-05-2024/ASC-H\9985.png,ASC-H
28-05-2024/ASC-H\9986.png,ASC-H
28-05-2024/ASC-H\9987.png,ASC-H
28-05-2024/ASC-H\9988.png,ASC-H
28-05-2024/ASC-H\9989.png,ASC-H
28-05-2024/ASC-H\9990.png,ASC-H
28-05-2024/ASC-H\9991.png,ASC-H
28-05-2024/ASC-H\9992.png,ASC-H
28-05-2024/ASC-H\9993.png,ASC-H
28-05-2024/ASC-H\9994.png,ASC-H
28-05-2024/ASC-H\9995.png,ASC-H
28-05-2024/ASC-H\9996.png,ASC-H
28-05-2024/ASC-H\9997.png,ASC-H
28-05-2024/ASC-H\9998.png,ASC-H
28-05-2024/ASC-H\9999.png,ASC-H
28-05-2024/ASC-US\10141.png,ASC-US
28-05-2024/ASC-US\10188.png,ASC-US
28-05-2024/ASC-US\10189.png,ASC-US
28-05-2024/ASC-US\10366.png,ASC-US
28-05-2024/ASC-US\10367.png,ASC-US
28-05-2024/ASC-US\10370.png,ASC-US
28-05-2024/ASC-US\10371.png,ASC-US
28-05-2024/ASC-US\10372.png,ASC-US
28-05-2024/ASC-US\10373.png,ASC-US
28-05-2024/ASC-US\10374.png,ASC-US
28-05-2024/ASC-US\10925.png,ASC-US
28-05-2024/ASC-US\10926.png,ASC-US
28-05-2024/ASC-US\10927.png,ASC-US
28-05-2024/ASC-US\10991.png,ASC-US
28-05-2024/ASC-US\2517.png,ASC-US
28-05-2024/ASC-US\2518.png,ASC-US
28-05-2024/ASC-US\2519.png,ASC-US
28-05-2024/ASC-US\2869.png,ASC-US
28-05-2024/ASC-US\2870.png,ASC-US
28-05-2024/ASC-US\2874.png,ASC-US
28-05-2024/ASC-US\2875.png,ASC-US
28-05-2024/ASC-US\2898.png,ASC-US
28-05-2024/ASC-US\3018.png,ASC-US
28-05-2024/ASC-US\3019.png,ASC-US
28-05-2024/ASC-US\3024.png,ASC-US
28-05-2024/ASC-US\3025.png,ASC-US
28-05-2024/ASC-US\3026.png,ASC-US
28-05-2024/ASC-US\3027.png,ASC-US
28-05-2024/ASC-US\3028.png,ASC-US
28-05-2024/ASC-US\3029.png,ASC-US
28-05-2024/ASC-US\3030.png,ASC-US
28-05-2024/ASC-US\3159.png,ASC-US
28-05-2024/ASC-US\3160.png,ASC-US
28-05-2024/ASC-US\3161.png,ASC-US
28-05-2024/ASC-US\3162.png,ASC-US
28-05-2024/ASC-US\3163.png,ASC-US
28-05-2024/ASC-US\3164.png,ASC-US
28-05-2024/ASC-US\3165.png,ASC-US
28-05-2024/ASC-US\3166.png,ASC-US
28-05-2024/ASC-US\3167.png,ASC-US
28-05-2024/ASC-US\3168.png,ASC-US
28-05-2024/ASC-US\3169.png,ASC-US
28-05-2024/ASC-US\3170.png,ASC-US
28-05-2024/ASC-US\3171.png,ASC-US
28-05-2024/ASC-US\3248.png,ASC-US
28-05-2024/ASC-US\3249.png,ASC-US
28-05-2024/ASC-US\3250.png,ASC-US
28-05-2024/ASC-US\3274.png,ASC-US
28-05-2024/ASC-US\3275.png,ASC-US
28-05-2024/ASC-US\3276.png,ASC-US
28-05-2024/ASC-US\3336.png,ASC-US
28-05-2024/ASC-US\3337.png,ASC-US
28-05-2024/ASC-US\3374.png,ASC-US
28-05-2024/ASC-US\3375.png,ASC-US
28-05-2024/ASC-US\3376.png,ASC-US
28-05-2024/ASC-US\3377.png,ASC-US
28-05-2024/ASC-US\3418.png,ASC-US
28-05-2024/ASC-US\3419.png,ASC-US
28-05-2024/ASC-US\3439.png,ASC-US
28-05-2024/ASC-US\3440.png,ASC-US
28-05-2024/ASC-US\3441.png,ASC-US
28-05-2024/ASC-US\3442.png,ASC-US
28-05-2024/ASC-US\3443.png,ASC-US
28-05-2024/ASC-US\3444.png,ASC-US
28-05-2024/ASC-US\3445.png,ASC-US
28-05-2024/ASC-US\3446.png,ASC-US
28-05-2024/ASC-US\3447.png,ASC-US
28-05-2024/ASC-US\3448.png,ASC-US
28-05-2024/ASC-US\3511.png,ASC-US
28-05-2024/ASC-US\3512.png,ASC-US
28-05-2024/ASC-US\3513.png,ASC-US
28-05-2024/ASC-US\3514.png,ASC-US
28-05-2024/ASC-US\3520.png,ASC-US
28-05-2024/ASC-US\3521.png,ASC-US
28-05-2024/ASC-US\3533.png,ASC-US
28-05-2024/ASC-US\3534.png,ASC-US
28-05-2024/ASC-US\3605.png,ASC-US
28-05-2024/ASC-US\3606.png,ASC-US
28-05-2024/ASC-US\3607.png,ASC-US
28-05-2024/ASC-US\3608.png,ASC-US
28-05-2024/ASC-US\3709.png,ASC-US
28-05-2024/ASC-US\3739.png,ASC-US
28-05-2024/ASC-US\3740.png,ASC-US
28-05-2024/ASC-US\3758.png,ASC-US
28-05-2024/ASC-US\3761.png,ASC-US
28-05-2024/ASC-US\3844.png,ASC-US
28-05-2024/ASC-US\3853.png,ASC-US
28-05-2024/ASC-US\4402.png,ASC-US
28-05-2024/ASC-US\4451.png,ASC-US
28-05-2024/ASC-US\4460.png,ASC-US
28-05-2024/ASC-US\4461.png,ASC-US
28-05-2024/ASC-US\4462.png,ASC-US
28-05-2024/ASC-US\4463.png,ASC-US
28-05-2024/ASC-US\4468.png,ASC-US
28-05-2024/ASC-US\4491.png,ASC-US
28-05-2024/ASC-US\4721.png,ASC-US
28-05-2024/ASC-US\4722.png,ASC-US
28-05-2024/ASC-US\4914.png,ASC-US
28-05-2024/ASC-US\4915.png,ASC-US
28-05-2024/ASC-US\4916.png,ASC-US
28-05-2024/ASC-US\4924.png,ASC-US
28-05-2024/ASC-US\4925.png,ASC-US
28-05-2024/ASC-US\4926.png,ASC-US
28-05-2024/ASC-US\4927.png,ASC-US
28-05-2024/ASC-US\4928.png,ASC-US
28-05-2024/ASC-US\4929.png,ASC-US
28-05-2024/ASC-US\4930.png,ASC-US
28-05-2024/ASC-US\4938.png,ASC-US
28-05-2024/ASC-US\4939.png,ASC-US
28-05-2024/ASC-US\5003.png,ASC-US
28-05-2024/ASC-US\5004.png,ASC-US
28-05-2024/ASC-US\5090.png,ASC-US
28-05-2024/ASC-US\5204.png,ASC-US
28-05-2024/ASC-US\5205.png,ASC-US
28-05-2024/ASC-US\5206.png,ASC-US
28-05-2024/ASC-US\5207.png,ASC-US
28-05-2024/ASC-US\5261.png,ASC-US
28-05-2024/ASC-US\5262.png,ASC-US
28-05-2024/ASC-US\5263.png,ASC-US
28-05-2024/ASC-US\5482.png,ASC-US
28-05-2024/ASC-US\5547.png,ASC-US
28-05-2024/ASC-US\5550.png,ASC-US
28-05-2024/ASC-US\5556.png,ASC-US
28-05-2024/ASC-US\814.png,ASC-US
28-05-2024/ASC-US\985.png,ASC-US
28-05-2024/ASC-US\986.png,ASC-US
28-05-2024/HSIL\132.png,HSIL
28-05-2024/HSIL\133.png,HSIL
28-05-2024/HSIL\134.png,HSIL
28-05-2024/HSIL\135.png,HSIL
28-05-2024/HSIL\136.png,HSIL
28-05-2024/HSIL\137.png,HSIL
28-05-2024/HSIL\138.png,HSIL
28-05-2024/HSIL\139.png,HSIL
28-05-2024/HSIL\140.png,HSIL
28-05-2024/HSIL\141.png,HSIL
28-05-2024/HSIL\142.png,HSIL
28-05-2024/HSIL\143.png,HSIL
28-05-2024/HSIL\144.png,HSIL
28-05-2024/HSIL\145.png,HSIL
28-05-2024/HSIL\146.png,HSIL
28-05-2024/HSIL\147.png,HSIL
28-05-2024/HSIL\148.png,HSIL
28-05-2024/HSIL\149.png,HSIL
28-05-2024/HSIL\150.png,HSIL
28-05-2024/HSIL\151.png,HSIL
28-05-2024/HSIL\152.png,HSIL
28-05-2024/HSIL\153.png,HSIL
28-05-2024/HSIL\154.png,HSIL
28-05-2024/HSIL\155.png,HSIL
28-05-2024/HSIL\156.png,HSIL
28-05-2024/HSIL\157.png,HSIL
28-05-2024/HSIL\158.png,HSIL
28-05-2024/HSIL\159.png,HSIL
28-05-2024/HSIL\160.png,HSIL
28-05-2024/HSIL\161.png,HSIL
28-05-2024/HSIL\162.png,HSIL
28-05-2024/HSIL\163.png,HSIL
28-05-2024/HSIL\164.png,HSIL
28-05-2024/HSIL\165.png,HSIL
28-05-2024/HSIL\166.png,HSIL
28-05-2024/HSIL\167.png,HSIL
28-05-2024/HSIL\168.png,HSIL
28-05-2024/HSIL\169.png,HSIL
28-05-2024/HSIL\170.png,HSIL
28-05-2024/HSIL\171.png,HSIL
28-05-2024/HSIL\172.png,HSIL
28-05-2024/HSIL\173.png,HSIL
28-05-2024/HSIL\174.png,HSIL
28-05-2024/HSIL\175.png,HSIL
28-05-2024/HSIL\176.png,HSIL
28-05-2024/HSIL\177.png,HSIL
28-05-2024/HSIL\178.png,HSIL
28-05-2024/HSIL\179.png,HSIL
28-05-2024/HSIL\180.png,HSIL
28-05-2024/HSIL\181.png,HSIL
28-05-2024/HSIL\182.png,HSIL
28-05-2024/HSIL\183.png,HSIL
28-05-2024/HSIL\184.png,HSIL
28-05-2024/HSIL\185.png,HSIL
28-05-2024/HSIL\186.png,HSIL
28-05-2024/HSIL\187.png,HSIL
28-05-2024/HSIL\188.png,HSIL
28-05-2024/HSIL\189.png,HSIL
28-05-2024/HSIL\190.png,HSIL
28-05-2024/HSIL\191.png,HSIL
28-05-2024/HSIL\192.png,HSIL
28-05-2024/HSIL\193.png,HSIL
28-05-2024/HSIL\194.png,HSIL
28-05-2024/HSIL\195.png,HSIL
28-05-2024/HSIL\196.png,HSIL
28-05-2024/HSIL\197.png,HSIL
28-05-2024/HSIL\198.png,HSIL
28-05-2024/HSIL\199.png,HSIL
28-05-2024/HSIL\200.png,HSIL
28-05-2024/HSIL\201.png,HSIL
28-05-2024/HSIL\202.png,HSIL
28-05-2024/HSIL\203.png,HSIL
28-05-2024/HSIL\204.png,HSIL
28-05-2024/HSIL\205.png,HSIL
28-05-2024/HSIL\206.png,HSIL
28-05-2024/HSIL\207.png,HSIL
28-05-2024/HSIL\208.png,HSIL
28-05-2024/HSIL\209.png,HSIL
28-05-2024/HSIL\210.png,HSIL
28-05-2024/HSIL\211.png,HSIL
28-05-2024/HSIL\212.png,HSIL
28-05-2024/HSIL\213.png,HSIL
28-05-2024/HSIL\214.png,HSIL
28-05-2024/HSIL\215.png,HSIL
28-05-2024/HSIL\216.png,HSIL
28-05-2024/HSIL\217.png,HSIL
28-05-2024/HSIL\218.png,HSIL
28-05-2024/HSIL\219.png,HSIL
28-05-2024/HSIL\220.png,HSIL
28-05-2024/HSIL\221.png,HSIL
28-05-2024/HSIL\25.png,HSIL
28-05-2024/HSIL\26.png,HSIL
28-05-2024/HSIL\7653.png,HSIL
28-05-2024/HSIL\7662.png,HSIL
28-05-2024/HSIL\7663.png,HSIL
28-05-2024/HSIL\7664.png,HSIL
28-05-2024/HSIL\7665.png,HSIL
28-05-2024/HSIL\7666.png,HSIL
28-05-2024/HSIL\7667.png,HSIL
28-05-2024/HSIL\7668.png,HSIL
28-05-2024/HSIL\7899.png,HSIL
28-05-2024/HSIL\7900.png,HSIL
28-05-2024/HSIL\7901.png,HSIL
28-05-2024/HSIL\8016.png,HSIL
28-05-2024/HSIL\8017.png,HSIL
28-05-2024/HSIL\8018.png,HSIL
28-05-2024/HSIL\8019.png,HSIL
28-05-2024/HSIL\8020.png,HSIL
28-05-2024/HSIL\8021.png,HSIL
28-05-2024/HSIL\8022.png,HSIL
28-05-2024/HSIL\8023.png,HSIL
28-05-2024/HSIL\8024.png,HSIL
28-05-2024/HSIL\8025.png,HSIL
28-05-2024/HSIL\8059.png,HSIL
28-05-2024/HSIL\8060.png,HSIL
28-05-2024/HSIL\8061.png,HSIL
28-05-2024/HSIL\8062.png,HSIL
28-05-2024/HSIL\8063.png,HSIL
28-05-2024/HSIL\8064.png,HSIL
28-05-2024/HSIL\8065.png,HSIL
28-05-2024/HSIL\8066.png,HSIL
28-05-2024/HSIL\8067.png,HSIL
28-05-2024/HSIL\8068.png,HSIL
28-05-2024/HSIL\8069.png,HSIL
28-05-2024/HSIL\8070.png,HSIL
28-05-2024/HSIL\8071.png,HSIL
28-05-2024/HSIL\8072.png,HSIL
28-05-2024/HSIL\8073.png,HSIL
28-05-2024/HSIL\8074.png,HSIL
28-05-2024/HSIL\8075.png,HSIL
28-05-2024/HSIL\8076.png,HSIL
28-05-2024/HSIL\8077.png,HSIL
28-05-2024/HSIL\8078.png,HSIL
28-05-2024/HSIL\8079.png,HSIL
28-05-2024/HSIL\8080.png,HSIL
28-05-2024/HSIL\8081.png,HSIL
28-05-2024/HSIL\8393.png,HSIL
28-05-2024/HSIL\8394.png,HSIL
28-05-2024/HSIL\8395.png,HSIL
28-05-2024/HSIL\8396.png,HSIL
28-05-2024/HSIL\8397.png,HSIL
28-05-2024/HSIL\8398.png,HSIL
28-05-2024/HSIL\8399.png,HSIL
28-05-2024/HSIL\8400.png,HSIL
28-05-2024/HSIL\8401.png,HSIL
28-05-2024/HSIL\8402.png,HSIL
28-05-2024/HSIL\8403.png,HSIL
28-05-2024/HSIL\8404.png,HSIL
28-05-2024/HSIL\8405.png,HSIL
28-05-2024/HSIL\8406.png,HSIL
28-05-2024/HSIL\8407.png,HSIL
28-05-2024/HSIL\8408.png,HSIL
28-05-2024/HSIL\8409.png,HSIL
28-05-2024/HSIL\8410.png,HSIL
28-05-2024/HSIL\8411.png,HSIL
28-05-2024/HSIL\8412.png,HSIL
28-05-2024/HSIL\8413.png,HSIL
28-05-2024/HSIL\8414.png,HSIL
28-05-2024/HSIL\8415.png,HSIL
28-05-2024/HSIL\8416.png,HSIL
28-05-2024/HSIL\8417.png,HSIL
28-05-2024/HSIL\8418.png,HSIL
28-05-2024/HSIL\8419.png,HSIL
28-05-2024/HSIL\8420.png,HSIL
28-05-2024/HSIL\8421.png,HSIL
28-05-2024/HSIL\8422.png,HSIL
28-05-2024/HSIL\8423.png,HSIL
28-05-2024/HSIL\8424.png,HSIL
28-05-2024/HSIL\8425.png,HSIL
28-05-2024/HSIL\8426.png,HSIL
28-05-2024/HSIL\8427.png,HSIL
28-05-2024/HSIL\8428.png,HSIL
28-05-2024/HSIL\8429.png,HSIL
28-05-2024/HSIL\8430.png,HSIL
28-05-2024/HSIL\8431.png,HSIL
28-05-2024/HSIL\8432.png,HSIL
28-05-2024/HSIL\8433.png,HSIL
28-05-2024/HSIL\8434.png,HSIL
28-05-2024/HSIL\8435.png,HSIL
28-05-2024/HSIL\8436.png,HSIL
28-05-2024/HSIL\8437.png,HSIL
28-05-2024/HSIL\8438.png,HSIL
28-05-2024/HSIL\8439.png,HSIL
28-05-2024/HSIL\8440.png,HSIL
28-05-2024/HSIL\8441.png,HSIL
28-05-2024/HSIL\8442.png,HSIL
28-05-2024/HSIL\8443.png,HSIL
28-05-2024/HSIL\8444.png,HSIL
28-05-2024/HSIL\8445.png,HSIL
28-05-2024/HSIL\8446.png,HSIL
28-05-2024/HSIL\8450.png,HSIL
28-05-2024/HSIL\8451.png,HSIL
28-05-2024/HSIL\8452.png,HSIL
28-05-2024/HSIL\8453.png,HSIL
28-05-2024/HSIL\8454.png,HSIL
28-05-2024/HSIL\8455.png,HSIL
28-05-2024/HSIL\8456.png,HSIL
28-05-2024/HSIL\8457.png,HSIL
28-05-2024/HSIL\8458.png,HSIL
28-05-2024/HSIL\8459.png,HSIL
28-05-2024/HSIL\8460.png,HSIL
28-05-2024/HSIL\8461.png,HSIL
28-05-2024/HSIL\8462.png,HSIL
28-05-2024/HSIL\8463.png,HSIL
28-05-2024/HSIL\8464.png,HSIL
28-05-2024/HSIL\8465.png,HSIL
28-05-2024/HSIL\8466.png,HSIL
28-05-2024/HSIL\8467.png,HSIL
28-05-2024/HSIL\8468.png,HSIL
28-05-2024/HSIL\8469.png,HSIL
28-05-2024/HSIL\8470.png,HSIL
28-05-2024/HSIL\8471.png,HSIL
28-05-2024/HSIL\8472.png,HSIL
28-05-2024/HSIL\8473.png,HSIL
28-05-2024/HSIL\8474.png,HSIL
28-05-2024/HSIL\8475.png,HSIL
28-05-2024/HSIL\8476.png,HSIL
28-05-2024/HSIL\8477.png,HSIL
28-05-2024/HSIL\8478.png,HSIL
28-05-2024/HSIL\8479.png,HSIL
28-05-2024/HSIL\8480.png,HSIL
28-05-2024/HSIL\8481.png,HSIL
28-05-2024/HSIL\8482.png,HSIL
28-05-2024/HSIL\8483.png,HSIL
28-05-2024/HSIL\8484.png,HSIL
28-05-2024/HSIL\8485.png,HSIL
28-05-2024/HSIL\8486.png,HSIL
28-05-2024/HSIL\8487.png,HSIL
28-05-2024/HSIL\8488.png,HSIL
28-05-2024/HSIL\8761.png,HSIL
28-05-2024/HSIL\8762.png,HSIL
28-05-2024/HSIL\8763.png,HSIL
28-05-2024/HSIL\8764.png,HSIL
28-05-2024/HSIL\8765.png,HSIL
28-05-2024/HSIL\8766.png,HSIL
28-05-2024/HSIL\8767.png,HSIL
28-05-2024/HSIL\8768.png,HSIL
28-05-2024/HSIL\8793.png,HSIL
28-05-2024/HSIL\8794.png,HSIL
28-05-2024/HSIL\8795.png,HSIL
28-05-2024/HSIL\8796.png,HSIL
28-05-2024/HSIL\8797.png,HSIL
28-05-2024/HSIL\8798.png,HSIL
28-05-2024/HSIL\8799.png,HSIL
28-05-2024/HSIL\8800.png,HSIL
28-05-2024/HSIL\8801.png,HSIL
28-05-2024/HSIL\8802.png,HSIL
28-05-2024/HSIL\8803.png,HSIL
28-05-2024/HSIL\8804.png,HSIL
28-05-2024/HSIL\8805.png,HSIL
28-05-2024/HSIL\8806.png,HSIL
28-05-2024/HSIL\8807.png,HSIL
28-05-2024/HSIL\8808.png,HSIL
28-05-2024/HSIL\8809.png,HSIL
28-05-2024/HSIL\8810.png,HSIL
28-05-2024/HSIL\8811.png,HSIL
28-05-2024/HSIL\8812.png,HSIL
28-05-2024/HSIL\8813.png,HSIL
28-05-2024/HSIL\8814.png,HSIL
28-05-2024/HSIL\8815.png,HSIL
28-05-2024/HSIL\8816.png,HSIL
28-05-2024/HSIL\8817.png,HSIL
28-05-2024/HSIL\8818.png,HSIL
28-05-2024/HSIL\8819.png,HSIL
28-05-2024/HSIL\8820.png,HSIL
28-05-2024/HSIL\8821.png,HSIL
28-05-2024/HSIL\8822.png,HSIL
28-05-2024/HSIL\8823.png,HSIL
28-05-2024/HSIL\8824.png,HSIL
28-05-2024/HSIL\8825.png,HSIL
28-05-2024/HSIL\8826.png,HSIL
28-05-2024/HSIL\8827.png,HSIL
28-05-2024/HSIL\8828.png,HSIL
28-05-2024/HSIL\8829.png,HSIL
28-05-2024/HSIL\8830.png,HSIL
28-05-2024/HSIL\8831.png,HSIL
28-05-2024/HSIL\8832.png,HSIL
28-05-2024/HSIL\8833.png,HSIL
28-05-2024/HSIL\9.png,HSIL
28-05-2024/HSIL\9020.png,HSIL
28-05-2024/HSIL\9021.png,HSIL
28-05-2024/HSIL\9022.png,HSIL
28-05-2024/HSIL\9023.png,HSIL
28-05-2024/HSIL\9024.png,HSIL
28-05-2024/HSIL\9025.png,HSIL
28-05-2024/HSIL\9026.png,HSIL
28-05-2024/HSIL\9027.png,HSIL
28-05-2024/HSIL\9028.png,HSIL
28-05-2024/HSIL\9029.png,HSIL
28-05-2024/HSIL\9030.png,HSIL
28-05-2024/HSIL\9031.png,HSIL
28-05-2024/HSIL\9032.png,HSIL
28-05-2024/HSIL\9033.png,HSIL
28-05-2024/HSIL\9034.png,HSIL
28-05-2024/HSIL\9035.png,HSIL
28-05-2024/HSIL\9036.png,HSIL
28-05-2024/HSIL\9037.png,HSIL
28-05-2024/HSIL\9038.png,HSIL
28-05-2024/HSIL\9039.png,HSIL
28-05-2024/HSIL\9040.png,HSIL
28-05-2024/HSIL\9041.png,HSIL
28-05-2024/HSIL\9042.png,HSIL
28-05-2024/HSIL\9043.png,HSIL
28-05-2024/HSIL\9044.png,HSIL
28-05-2024/HSIL\9045.png,HSIL
28-05-2024/HSIL\9046.png,HSIL
28-05-2024/HSIL\9047.png,HSIL
28-05-2024/HSIL\9048.png,HSIL
28-05-2024/HSIL\9049.png,HSIL
28-05-2024/HSIL\9050.png,HSIL
28-05-2024/HSIL\9051.png,HSIL
28-05-2024/HSIL\9052.png,HSIL
28-05-2024/HSIL\9053.png,HSIL
28-05-2024/HSIL\9054.png,HSIL
28-05-2024/HSIL\9055.png,HSIL
28-05-2024/HSIL\9056.png,HSIL
28-05-2024/HSIL\9057.png,HSIL
28-05-2024/HSIL\9058.png,HSIL
28-05-2024/HSIL\9059.png,HSIL
28-05-2024/HSIL\9060.png,HSIL
28-05-2024/HSIL\9061.png,HSIL
28-05-2024/LSIL\10086.png,LSIL
28-05-2024/LSIL\10087.png,LSIL
28-05-2024/LSIL\10088.png,LSIL
28-05-2024/LSIL\10089.png,LSIL
28-05-2024/LSIL\10090.png,LSIL
28-05-2024/LSIL\10091.png,LSIL
28-05-2024/LSIL\10104.png,LSIL
28-05-2024/LSIL\10105.png,LSIL
28-05-2024/LSIL\10142.png,LSIL
28-05-2024/LSIL\10143.png,LSIL
28-05-2024/LSIL\10144.png,LSIL
28-05-2024/LSIL\10145.png,LSIL
28-05-2024/LSIL\10146.png,LSIL
28-05-2024/LSIL\10147.png,LSIL
28-05-2024/LSIL\10185.png,LSIL
28-05-2024/LSIL\10186.png,LSIL
28-05-2024/LSIL\10226.png,LSIL
28-05-2024/LSIL\10227.png,LSIL
28-05-2024/LSIL\11272.png,LSIL
28-05-2024/LSIL\1251.png,LSIL
28-05-2024/LSIL\1255.png,LSIL
28-05-2024/LSIL\1256.png,LSIL
28-05-2024/LSIL\1257.png,LSIL
28-05-2024/LSIL\1258.png,LSIL
28-05-2024/LSIL\1311.png,LSIL
28-05-2024/LSIL\1546.png,LSIL
28-05-2024/LSIL\1547.png,LSIL
28-05-2024/LSIL\1548.png,LSIL
28-05-2024/LSIL\1549.png,LSIL
28-05-2024/LSIL\1594.png,LSIL
28-05-2024/LSIL\1595.png,LSIL
28-05-2024/LSIL\1596.png,LSIL
28-05-2024/LSIL\1607.png,LSIL
28-05-2024/LSIL\1634.png,LSIL
28-05-2024/LSIL\1635.png,LSIL
28-05-2024/LSIL\1636.png,LSIL
28-05-2024/LSIL\1637.png,LSIL
28-05-2024/LSIL\1638.png,LSIL
28-05-2024/LSIL\1639.png,LSIL
28-05-2024/LSIL\1640.png,LSIL
28-05-2024/LSIL\1655.png,LSIL
28-05-2024/LSIL\1656.png,LSIL
28-05-2024/LSIL\1657.png,LSIL
28-05-2024/LSIL\1658.png,LSIL
28-05-2024/LSIL\1659.png,LSIL
28-05-2024/LSIL\1660.png,LSIL
28-05-2024/LSIL\1661.png,LSIL
28-05-2024/LSIL\1662.png,LSIL
28-05-2024/LSIL\1663.png,LSIL
28-05-2024/LSIL\1664.png,LSIL
28-05-2024/LSIL\1665.png,LSIL
28-05-2024/LSIL\1666.png,LSIL
28-05-2024/LSIL\1679.png,LSIL
28-05-2024/LSIL\1680.png,LSIL
28-05-2024/LSIL\1681.png,LSIL
28-05-2024/LSIL\1682.png,LSIL
28-05-2024/LSIL\1683.png,LSIL
28-05-2024/LSIL\1684.png,LSIL
28-05-2024/LSIL\1685.png,LSIL
28-05-2024/LSIL\1686.png,LSIL
28-05-2024/LSIL\1687.png,LSIL
28-05-2024/LSIL\1688.png,LSIL
28-05-2024/LSIL\1689.png,LSIL
28-05-2024/LSIL\1690.png,LSIL
28-05-2024/LSIL\1691.png,LSIL
28-05-2024/LSIL\1692.png,LSIL
28-05-2024/LSIL\1693.png,LSIL
28-05-2024/LSIL\18.png,LSIL
28-05-2024/LSIL\19.png,LSIL
28-05-2024/LSIL\20.png,LSIL
28-05-2024/LSIL\21.png,LSIL
28-05-2024/LSIL\22.png,LSIL
28-05-2024/LSIL\2245.png,LSIL
28-05-2024/LSIL\2246.png,LSIL
28-05-2024/LSIL\2247.png,LSIL
28-05-2024/LSIL\2248.png,LSIL
28-05-2024/LSIL\2249.png,LSIL
28-05-2024/LSIL\2250.png,LSIL
28-05-2024/LSIL\2251.png,LSIL
28-05-2024/LSIL\2252.png,LSIL
28-05-2024/LSIL\2253.png,LSIL
28-05-2024/LSIL\2254.png,LSIL
28-05-2024/LSIL\2255.png,LSIL
28-05-2024/LSIL\2256.png,LSIL
28-05-2024/LSIL\2257.png,LSIL
28-05-2024/LSIL\2258.png,LSIL
28-05-2024/LSIL\2259.png,LSIL
28-05-2024/LSIL\2260.png,LSIL
28-05-2024/LSIL\2261.png,LSIL
28-05-2024/LSIL\2262.png,LSIL
28-05-2024/LSIL\2263.png,LSIL
28-05-2024/LSIL\2264.png,LSIL
28-05-2024/LSIL\2265.png,LSIL
28-05-2024/LSIL\2266.png,LSIL
28-05-2024/LSIL\2267.png,LSIL
28-05-2024/LSIL\2268.png,LSIL
28-05-2024/LSIL\2269.png,LSIL
28-05-2024/LSIL\2270.png,LSIL
28-05-2024/LSIL\2276.png,LSIL
28-05-2024/LSIL\2277.png,LSIL
28-05-2024/LSIL\2282.png,LSIL
28-05-2024/LSIL\2289.png,LSIL
28-05-2024/LSIL\2290.png,LSIL
28-05-2024/LSIL\2291.png,LSIL
28-05-2024/LSIL\2292.png,LSIL
28-05-2024/LSIL\2293.png,LSIL
28-05-2024/LSIL\2294.png,LSIL
28-05-2024/LSIL\2295.png,LSIL
28-05-2024/LSIL\2296.png,LSIL
28-05-2024/LSIL\2297.png,LSIL
28-05-2024/LSIL\2298.png,LSIL
28-05-2024/LSIL\2299.png,LSIL
28-05-2024/LSIL\23.png,LSIL
28-05-2024/LSIL\2300.png,LSIL
28-05-2024/LSIL\2301.png,LSIL
28-05-2024/LSIL\2302.png,LSIL
28-05-2024/LSIL\2303.png,LSIL
28-05-2024/LSIL\2304.png,LSIL
28-05-2024/LSIL\2305.png,LSIL
28-05-2024/LSIL\2306.png,LSIL
28-05-2024/LSIL\2321.png,LSIL
28-05-2024/LSIL\2356.png,LSIL
28-05-2024/LSIL\2357.png,LSIL
28-05-2024/LSIL\2358.png,LSIL
28-05-2024/LSIL\2359.png,LSIL
28-05-2024/LSIL\2360.png,LSIL
28-05-2024/LSIL\2390.png,LSIL
28-05-2024/LSIL\2391.png,LSIL
28-05-2024/LSIL\2392.png,LSIL
28-05-2024/LSIL\2393.png,LSIL
28-05-2024/LSIL\2394.png,LSIL
28-05-2024/LSIL\2395.png,LSIL
28-05-2024/LSIL\2396.png,LSIL
28-05-2024/LSIL\24.png,LSIL
28-05-2024/LSIL\2408.png,LSIL
28-05-2024/LSIL\2409.png,LSIL
28-05-2024/LSIL\2410.png,LSIL
28-05-2024/LSIL\2411.png,LSIL
28-05-2024/LSIL\2426.png,LSIL
28-05-2024/LSIL\2427.png,LSIL
28-05-2024/LSIL\2428.png,LSIL
28-05-2024/LSIL\2429.png,LSIL
28-05-2024/LSIL\2430.png,LSIL
28-05-2024/LSIL\2431.png,LSIL
28-05-2024/LSIL\2432.png,LSIL
28-05-2024/LSIL\2506.png,LSIL
28-05-2024/LSIL\2507.png,LSIL
28-05-2024/LSIL\2508.png,LSIL
28-05-2024/LSIL\2509.png,LSIL
28-05-2024/LSIL\2510.png,LSIL
28-05-2024/LSIL\2520.png,LSIL
28-05-2024/LSIL\2521.png,LSIL
28-05-2024/LSIL\2522.png,LSIL
28-05-2024/LSIL\2543.png,LSIL
28-05-2024/LSIL\2544.png,LSIL
28-05-2024/LSIL\2545.png,LSIL
28-05-2024/LSIL\2546.png,LSIL
28-05-2024/LSIL\2547.png,LSIL
28-05-2024/LSIL\2548.png,LSIL
28-05-2024/LSIL\2549.png,LSIL
28-05-2024/LSIL\2550.png,LSIL
28-05-2024/LSIL\2551.png,LSIL
28-05-2024/LSIL\2552.png,LSIL
28-05-2024/LSIL\2553.png,LSIL
28-05-2024/LSIL\2563.png,LSIL
28-05-2024/LSIL\2564.png,LSIL
28-05-2024/LSIL\2565.png,LSIL
28-05-2024/LSIL\2566.png,LSIL
28-05-2024/LSIL\2567.png,LSIL
28-05-2024/LSIL\2568.png,LSIL
28-05-2024/LSIL\2569.png,LSIL
28-05-2024/LSIL\2570.png,LSIL
28-05-2024/LSIL\2571.png,LSIL
28-05-2024/LSIL\2572.png,LSIL
28-05-2024/LSIL\2573.png,LSIL
28-05-2024/LSIL\2576.png,LSIL
28-05-2024/LSIL\2715.png,LSIL
28-05-2024/LSIL\2716.png,LSIL
28-05-2024/LSIL\2717.png,LSIL
28-05-2024/LSIL\2734.png,LSIL
28-05-2024/LSIL\2735.png,LSIL
28-05-2024/LSIL\2736.png,LSIL
28-05-2024/LSIL\2737.png,LSIL
28-05-2024/LSIL\2738.png,LSIL
28-05-2024/LSIL\35.png,LSIL
28-05-2024/LSIL\37.png,LSIL
28-05-2024/LSIL\3756.png,LSIL
28-05-2024/LSIL\3757.png,LSIL
28-05-2024/LSIL\3782.png,LSIL
28-05-2024/LSIL\3783.png,LSIL
28-05-2024/LSIL\3784.png,LSIL
28-05-2024/LSIL\3850.png,LSIL
28-05-2024/LSIL\3851.png,LSIL
28-05-2024/LSIL\41.png,LSIL
28-05-2024/LSIL\4156.png,LSIL
28-05-2024/LSIL\4157.png,LSIL
28-05-2024/LSIL\4158.png,LSIL
28-05-2024/LSIL\4159.png,LSIL
28-05-2024/LSIL\4160.png,LSIL
28-05-2024/LSIL\4161.png,LSIL
28-05-2024/LSIL\4162.png,LSIL
28-05-2024/LSIL\4163.png,LSIL
28-05-2024/LSIL\4164.png,LSIL
28-05-2024/LSIL\42.png,LSIL
28-05-2024/LSIL\4246.png,LSIL
28-05-2024/LSIL\4247.png,LSIL
28-05-2024/LSIL\4494.png,LSIL
28-05-2024/LSIL\4495.png,LSIL
28-05-2024/LSIL\4496.png,LSIL
28-05-2024/LSIL\4497.png,LSIL
28-05-2024/LSIL\4498.png,LSIL
28-05-2024/LSIL\4499.png,LSIL
28-05-2024/LSIL\4500.png,LSIL
28-05-2024/LSIL\4501.png,LSIL
28-05-2024/LSIL\4502.png,LSIL
28-05-2024/LSIL\4503.png,LSIL
28-05-2024/LSIL\4504.png,LSIL
28-05-2024/LSIL\4505.png,LSIL
28-05-2024/LSIL\4506.png,LSIL
28-05-2024/LSIL\4507.png,LSIL
28-05-2024/LSIL\4508.png,LSIL
28-05-2024/LSIL\4509.png,LSIL
28-05-2024/LSIL\4510.png,LSIL
28-05-2024/LSIL\4511.png,LSIL
28-05-2024/LSIL\4512.png,LSIL
28-05-2024/LSIL\4513.png,LSIL
28-05-2024/LSIL\4514.png,LSIL
28-05-2024/LSIL\4520.png,LSIL
28-05-2024/LSIL\4521.png,LSIL
28-05-2024/LSIL\4522.png,LSIL
28-05-2024/LSIL\4523.png,LSIL
28-05-2024/LSIL\4524.png,LSIL
28-05-2024/LSIL\4525.png,LSIL
28-05-2024/LSIL\4526.png,LSIL
28-05-2024/LSIL\4527.png,LSIL
28-05-2024/LSIL\4528.png,LSIL
28-05-2024/LSIL\4529.png,LSIL
28-05-2024/LSIL\4530.png,LSIL
28-05-2024/LSIL\4531.png,LSIL
28-05-2024/LSIL\4532.png,LSIL
28-05-2024/LSIL\4533.png,LSIL
28-05-2024/LSIL\4534.png,LSIL
28-05-2024/LSIL\4535.png,LSIL
28-05-2024/LSIL\4536.png,LSIL
28-05-2024/LSIL\4537.png,LSIL
28-05-2024/LSIL\4538.png,LSIL
28-05-2024/LSIL\4539.png,LSIL
28-05-2024/LSIL\4540.png,LSIL
28-05-2024/LSIL\4541.png,LSIL
28-05-2024/LSIL\4542.png,LSIL
28-05-2024/LSIL\4543.png,LSIL
28-05-2024/LSIL\4544.png,LSIL
28-05-2024/LSIL\4545.png,LSIL
28-05-2024/LSIL\4546.png,LSIL
28-05-2024/LSIL\4547.png,LSIL
28-05-2024/LSIL\4548.png,LSIL
28-05-2024/LSIL\4549.png,LSIL
28-05-2024/LSIL\4550.png,LSIL
28-05-2024/LSIL\4551.png,LSIL
28-05-2024/LSIL\4552.png,LSIL
28-05-2024/LSIL\4553.png,LSIL
28-05-2024/LSIL\4554.png,LSIL
28-05-2024/LSIL\4555.png,LSIL
28-05-2024/LSIL\4556.png,LSIL
28-05-2024/LSIL\4557.png,LSIL
28-05-2024/LSIL\4558.png,LSIL
28-05-2024/LSIL\4559.png,LSIL
28-05-2024/LSIL\4560.png,LSIL
28-05-2024/LSIL\4561.png,LSIL
28-05-2024/LSIL\4562.png,LSIL
28-05-2024/LSIL\4563.png,LSIL
28-05-2024/LSIL\5155.png,LSIL
28-05-2024/LSIL\5156.png,LSIL
28-05-2024/LSIL\5157.png,LSIL
28-05-2024/LSIL\5158.png,LSIL
28-05-2024/LSIL\5159.png,LSIL
28-05-2024/LSIL\5160.png,LSIL
28-05-2024/LSIL\5161.png,LSIL
28-05-2024/LSIL\5162.png,LSIL
28-05-2024/LSIL\5163.png,LSIL
28-05-2024/LSIL\5164.png,LSIL
28-05-2024/LSIL\5220.png,LSIL
28-05-2024/LSIL\5221.png,LSIL
28-05-2024/LSIL\5222.png,LSIL
28-05-2024/LSIL\5223.png,LSIL
28-05-2024/LSIL\5224.png,LSIL
28-05-2024/LSIL\5225.png,LSIL
28-05-2024/LSIL\5226.png,LSIL
28-05-2024/LSIL\5227.png,LSIL
28-05-2024/LSIL\5228.png,LSIL
28-05-2024/LSIL\5229.png,LSIL
28-05-2024/LSIL\5230.png,LSIL
28-05-2024/LSIL\5231.png,LSIL
28-05-2024/LSIL\5232.png,LSIL
28-05-2024/LSIL\5233.png,LSIL
28-05-2024/LSIL\5234.png,LSIL
28-05-2024/LSIL\5235.png,LSIL
28-05-2024/LSIL\5236.png,LSIL
28-05-2024/LSIL\5237.png,LSIL
28-05-2024/LSIL\5238.png,LSIL
28-05-2024/LSIL\5239.png,LSIL
28-05-2024/LSIL\5240.png,LSIL
28-05-2024/LSIL\5241.png,LSIL
28-05-2024/LSIL\5242.png,LSIL
28-05-2024/LSIL\5243.png,LSIL
28-05-2024/LSIL\5244.png,LSIL
28-05-2024/LSIL\5245.png,LSIL
28-05-2024/LSIL\5246.png,LSIL
28-05-2024/LSIL\5247.png,LSIL
28-05-2024/LSIL\5248.png,LSIL
28-05-2024/LSIL\5249.png,LSIL
28-05-2024/LSIL\5250.png,LSIL
28-05-2024/LSIL\5251.png,LSIL
28-05-2024/LSIL\5252.png,LSIL
28-05-2024/LSIL\5253.png,LSIL
28-05-2024/LSIL\5254.png,LSIL
28-05-2024/LSIL\5255.png,LSIL
28-05-2024/LSIL\5256.png,LSIL
28-05-2024/LSIL\5257.png,LSIL
28-05-2024/LSIL\5258.png,LSIL
28-05-2024/LSIL\5259.png,LSIL
28-05-2024/LSIL\5260.png,LSIL
28-05-2024/LSIL\5317.png,LSIL
28-05-2024/LSIL\5318.png,LSIL
28-05-2024/LSIL\5319.png,LSIL
28-05-2024/LSIL\5320.png,LSIL
28-05-2024/LSIL\5321.png,LSIL
28-05-2024/LSIL\5465.png,LSIL
28-05-2024/LSIL\5466.png,LSIL
28-05-2024/LSIL\5467.png,LSIL
28-05-2024/LSIL\5468.png,LSIL
28-05-2024/LSIL\5469.png,LSIL
28-05-2024/LSIL\5492.png,LSIL
28-05-2024/LSIL\5493.png,LSIL
28-05-2024/LSIL\5494.png,LSIL
28-05-2024/LSIL\552.png,LSIL
28-05-2024/LSIL\553.png,LSIL
28-05-2024/LSIL\554.png,LSIL
28-05-2024/LSIL\5548.png,LSIL
28-05-2024/LSIL\5549.png,LSIL
28-05-2024/LSIL\555.png,LSIL
28-05-2024/LSIL\556.png,LSIL
28-05-2024/LSIL\557.png,LSIL
28-05-2024/LSIL\5571.png,LSIL
28-05-2024/LSIL\558.png,LSIL
28-05-2024/LSIL\559.png,LSIL
28-05-2024/LSIL\5648.png,LSIL
28-05-2024/LSIL\5666.png,LSIL
28-05-2024/LSIL\5667.png,LSIL
28-05-2024/LSIL\5668.png,LSIL
28-05-2024/LSIL\5669.png,LSIL
28-05-2024/LSIL\5670.png,LSIL
28-05-2024/LSIL\5671.png,LSIL
28-05-2024/LSIL\5672.png,LSIL
28-05-2024/LSIL\5673.png,LSIL
28-05-2024/LSIL\5674.png,LSIL
28-05-2024/LSIL\5719.png,LSIL
28-05-2024/LSIL\5720.png,LSIL
28-05-2024/LSIL\5721.png,LSIL
28-05-2024/LSIL\5722.png,LSIL
28-05-2024/LSIL\7.png,LSIL
28-05-2024/LSIL\8.png,LSIL
28-05-2024/LSIL\8489.png,LSIL
28-05-2024/LSIL\8772.png,LSIL
28-05-2024/LSIL\8773.png,LSIL
28-05-2024/LSIL\8774.png,LSIL
28-05-2024/LSIL\8775.png,LSIL
28-05-2024/LSIL\8776.png,LSIL
28-05-2024/LSIL\8777.png,LSIL
28-05-2024/LSIL\8778.png,LSIL
28-05-2024/LSIL\8779.png,LSIL
28-05-2024/LSIL\8780.png,LSIL
28-05-2024/LSIL\8781.png,LSIL
28-05-2024/LSIL\9160.png,LSIL
28-05-2024/LSIL\9161.png,LSIL
28-05-2024/LSIL\9162.png,LSIL
28-05-2024/LSIL\9163.png,LSIL
28-05-2024/LSIL\9164.png,LSIL
28-05-2024/LSIL\9165.png,LSIL
28-05-2024/LSIL\9166.png,LSIL
28-05-2024/LSIL\9167.png,LSIL
28-05-2024/LSIL\9168.png,LSIL
28-05-2024/LSIL\9169.png,LSIL
28-05-2024/LSIL\9170.png,LSIL
28-05-2024/LSIL\9171.png,LSIL
28-05-2024/LSIL\9172.png,LSIL
28-05-2024/LSIL\9173.png,LSIL
28-05-2024/LSIL\9174.png,LSIL
28-05-2024/Negative\10034.png,Negative
28-05-2024/Negative\10092.png,Negative
28-05-2024/Negative\10093.png,Negative
28-05-2024/Negative\10094.png,Negative
28-05-2024/Negative\10095.png,Negative
28-05-2024/Negative\10096.png,Negative
28-05-2024/Negative\10187.png,Negative
28-05-2024/Negative\10228.png,Negative
28-05-2024/Negative\10229.png,Negative
28-05-2024/Negative\10230.png,Negative
28-05-2024/Negative\10231.png,Negative
28-05-2024/Negative\10232.png,Negative
28-05-2024/Negative\10233.png,Negative
28-05-2024/Negative\10234.png,Negative
28-05-2024/Negative\10235.png,Negative
28-05-2024/Negative\10236.png,Negative
28-05-2024/Negative\10237.png,Negative
28-05-2024/Negative\10238.png,Negative
28-05-2024/Negative\10239.png,Negative
28-05-2024/Negative\10240.png,Negative
28-05-2024/Negative\10241.png,Negative
28-05-2024/Negative\10242.png,Negative
28-05-2024/Negative\10243.png,Negative
28-05-2024/Negative\10244.png,Negative
28-05-2024/Negative\10245.png,Negative
28-05-2024/Negative\10246.png,Negative
28-05-2024/Negative\10247.png,Negative
28-05-2024/Negative\10248.png,Negative
28-05-2024/Negative\10249.png,Negative
28-05-2024/Negative\10250.png,Negative
28-05-2024/Negative\10251.png,Negative
28-05-2024/Negative\10252.png,Negative
28-05-2024/Negative\10253.png,Negative
28-05-2024/Negative\10254.png,Negative
28-05-2024/Negative\10255.png,Negative
28-05-2024/Negative\10256.png,Negative
28-05-2024/Negative\10257.png,Negative
28-05-2024/Negative\10258.png,Negative
28-05-2024/Negative\10259.png,Negative
28-05-2024/Negative\10260.png,Negative
28-05-2024/Negative\10261.png,Negative
28-05-2024/Negative\10262.png,Negative
28-05-2024/Negative\10263.png,Negative
28-05-2024/Negative\10264.png,Negative
28-05-2024/Negative\10368.png,Negative
28-05-2024/Negative\10369.png,Negative
28-05-2024/Negative\10375.png,Negative
28-05-2024/Negative\10376.png,Negative
28-05-2024/Negative\10377.png,Negative
28-05-2024/Negative\10378.png,Negative
28-05-2024/Negative\10379.png,Negative
28-05-2024/Negative\10380.png,Negative
28-05-2024/Negative\10381.png,Negative
28-05-2024/Negative\10382.png,Negative
28-05-2024/Negative\10383.png,Negative
28-05-2024/Negative\10384.png,Negative
28-05-2024/Negative\10385.png,Negative
28-05-2024/Negative\10386.png,Negative
28-05-2024/Negative\10387.png,Negative
28-05-2024/Negative\10924.png,Negative
28-05-2024/Negative\10928.png,Negative
28-05-2024/Negative\10929.png,Negative
28-05-2024/Negative\10930.png,Negative
28-05-2024/Negative\10931.png,Negative
28-05-2024/Negative\10932.png,Negative
28-05-2024/Negative\10933.png,Negative
28-05-2024/Negative\10934.png,Negative
28-05-2024/Negative\10935.png,Negative
28-05-2024/Negative\10936.png,Negative
28-05-2024/Negative\10937.png,Negative
28-05-2024/Negative\10938.png,Negative
28-05-2024/Negative\10939.png,Negative
28-05-2024/Negative\10940.png,Negative
28-05-2024/Negative\10941.png,Negative
28-05-2024/Negative\10942.png,Negative
28-05-2024/Negative\10943.png,Negative
28-05-2024/Negative\10944.png,Negative
28-05-2024/Negative\10992.png,Negative
28-05-2024/Negative\10993.png,Negative
28-05-2024/Negative\10994.png,Negative
28-05-2024/Negative\10995.png,Negative
28-05-2024/Negative\10996.png,Negative
28-05-2024/Negative\10997.png,Negative
28-05-2024/Negative\10998.png,Negative
28-05-2024/Negative\10999.png,Negative
28-05-2024/Negative\11267.png,Negative
28-05-2024/Negative\11268.png,Negative
28-05-2024/Negative\11269.png,Negative
28-05-2024/Negative\11270.png,Negative
28-05-2024/Negative\11271.png,Negative
28-05-2024/Negative\11273.png,Negative
28-05-2024/Negative\11444.png,Negative
28-05-2024/Negative\11445.png,Negative
28-05-2024/Negative\11446.png,Negative
28-05-2024/Negative\11447.png,Negative
28-05-2024/Negative\11460.png,Negative
28-05-2024/Negative\11473.png,Negative
28-05-2024/Negative\11474.png,Negative
28-05-2024/Negative\11475.png,Negative
28-05-2024/Negative\1252.png,Negative
28-05-2024/Negative\1253.png,Negative
28-05-2024/Negative\1254.png,Negative
28-05-2024/Negative\1259.png,Negative
28-05-2024/Negative\1260.png,Negative
28-05-2024/Negative\1261.png,Negative
28-05-2024/Negative\1262.png,Negative
28-05-2024/Negative\1263.png,Negative
28-05-2024/Negative\1312.png,Negative
28-05-2024/Negative\1313.png,Negative
28-05-2024/Negative\1314.png,Negative
28-05-2024/Negative\1315.png,Negative
28-05-2024/Negative\1316.png,Negative
28-05-2024/Negative\1317.png,Negative
28-05-2024/Negative\1318.png,Negative
28-05-2024/Negative\1319.png,Negative
28-05-2024/Negative\1597.png,Negative
28-05-2024/Negative\1598.png,Negative
28-05-2024/Negative\1599.png,Negative
28-05-2024/Negative\1600.png,Negative
28-05-2024/Negative\1601.png,Negative
28-05-2024/Negative\1602.png,Negative
28-05-2024/Negative\1603.png,Negative
28-05-2024/Negative\1604.png,Negative
28-05-2024/Negative\1605.png,Negative
28-05-2024/Negative\1606.png,Negative
28-05-2024/Negative\1608.png,Negative
28-05-2024/Negative\1609.png,Negative
28-05-2024/Negative\1610.png,Negative
28-05-2024/Negative\1667.png,Negative
28-05-2024/Negative\1668.png,Negative
28-05-2024/Negative\1669.png,Negative
28-05-2024/Negative\1670.png,Negative
28-05-2024/Negative\1859.png,Negative
28-05-2024/Negative\1860.png,Negative
28-05-2024/Negative\1861.png,Negative
28-05-2024/Negative\1935.png,Negative
28-05-2024/Negative\1936.png,Negative
28-05-2024/Negative\1937.png,Negative
28-05-2024/Negative\1938.png,Negative
28-05-2024/Negative\1939.png,Negative
28-05-2024/Negative\1940.png,Negative
28-05-2024/Negative\1941.png,Negative
28-05-2024/Negative\1942.png,Negative
28-05-2024/Negative\2026.png,Negative
28-05-2024/Negative\2027.png,Negative
28-05-2024/Negative\2271.png,Negative
28-05-2024/Negative\2272.png,Negative
28-05-2024/Negative\2273.png,Negative
28-05-2024/Negative\2278.png,Negative
28-05-2024/Negative\2279.png,Negative
28-05-2024/Negative\2280.png,Negative
28-05-2024/Negative\2281.png,Negative
28-05-2024/Negative\2283.png,Negative
28-05-2024/Negative\2284.png,Negative
28-05-2024/Negative\2285.png,Negative
28-05-2024/Negative\2286.png,Negative
28-05-2024/Negative\2287.png,Negative
28-05-2024/Negative\2288.png,Negative
28-05-2024/Negative\2307.png,Negative
28-05-2024/Negative\2308.png,Negative
28-05-2024/Negative\2309.png,Negative
28-05-2024/Negative\2310.png,Negative
28-05-2024/Negative\2311.png,Negative
28-05-2024/Negative\2312.png,Negative
28-05-2024/Negative\2313.png,Negative
28-05-2024/Negative\2314.png,Negative
28-05-2024/Negative\2315.png,Negative
28-05-2024/Negative\2316.png,Negative
28-05-2024/Negative\2317.png,Negative
28-05-2024/Negative\2318.png,Negative
28-05-2024/Negative\2319.png,Negative
28-05-2024/Negative\2320.png,Negative
28-05-2024/Negative\2361.png,Negative
28-05-2024/Negative\2362.png,Negative
28-05-2024/Negative\2397.png,Negative
28-05-2024/Negative\2398.png,Negative
28-05-2024/Negative\2399.png,Negative
28-05-2024/Negative\2400.png,Negative
28-05-2024/Negative\2401.png,Negative
28-05-2024/Negative\2402.png,Negative
28-05-2024/Negative\2403.png,Negative
28-05-2024/Negative\2404.png,Negative
28-05-2024/Negative\2405.png,Negative
28-05-2024/Negative\2406.png,Negative
28-05-2024/Negative\2412.png,Negative
28-05-2024/Negative\2413.png,Negative
28-05-2024/Negative\2433.png,Negative
28-05-2024/Negative\2434.png,Negative
28-05-2024/Negative\2435.png,Negative
28-05-2024/Negative\2436.png,Negative
28-05-2024/Negative\2437.png,Negative
28-05-2024/Negative\2438.png,Negative
28-05-2024/Negative\2439.png,Negative
28-05-2024/Negative\2511.png,Negative
28-05-2024/Negative\2512.png,Negative
28-05-2024/Negative\2513.png,Negative
28-05-2024/Negative\2514.png,Negative
28-05-2024/Negative\2515.png,Negative
28-05-2024/Negative\2516.png,Negative
28-05-2024/Negative\2523.png,Negative
28-05-2024/Negative\2524.png,Negative
28-05-2024/Negative\2525.png,Negative
28-05-2024/Negative\2526.png,Negative
28-05-2024/Negative\2527.png,Negative
28-05-2024/Negative\2528.png,Negative
28-05-2024/Negative\2529.png,Negative
28-05-2024/Negative\2530.png,Negative
28-05-2024/Negative\2531.png,Negative
28-05-2024/Negative\2574.png,Negative
28-05-2024/Negative\2575.png,Negative
28-05-2024/Negative\2718.png,Negative
28-05-2024/Negative\2719.png,Negative
28-05-2024/Negative\2720.png,Negative
28-05-2024/Negative\2721.png,Negative
28-05-2024/Negative\2722.png,Negative
28-05-2024/Negative\2723.png,Negative
28-05-2024/Negative\2724.png,Negative
28-05-2024/Negative\2725.png,Negative
28-05-2024/Negative\2726.png,Negative
28-05-2024/Negative\2727.png,Negative
28-05-2024/Negative\2728.png,Negative
28-05-2024/Negative\2739.png,Negative
28-05-2024/Negative\2740.png,Negative
28-05-2024/Negative\2741.png,Negative
28-05-2024/Negative\2742.png,Negative
28-05-2024/Negative\2871.png,Negative
28-05-2024/Negative\2872.png,Negative
28-05-2024/Negative\2873.png,Negative
28-05-2024/Negative\2876.png,Negative
28-05-2024/Negative\2877.png,Negative
28-05-2024/Negative\2878.png,Negative
28-05-2024/Negative\2879.png,Negative
28-05-2024/Negative\2899.png,Negative
28-05-2024/Negative\2900.png,Negative
28-05-2024/Negative\2901.png,Negative
28-05-2024/Negative\2902.png,Negative
28-05-2024/Negative\2903.png,Negative
28-05-2024/Negative\2904.png,Negative
28-05-2024/Negative\2905.png,Negative
28-05-2024/Negative\2906.png,Negative
28-05-2024/Negative\2907.png,Negative
28-05-2024/Negative\3020.png,Negative
28-05-2024/Negative\3031.png,Negative
28-05-2024/Negative\3032.png,Negative
28-05-2024/Negative\3033.png,Negative
28-05-2024/Negative\3172.png,Negative
28-05-2024/Negative\3173.png,Negative
28-05-2024/Negative\3174.png,Negative
28-05-2024/Negative\3175.png,Negative
28-05-2024/Negative\3176.png,Negative
28-05-2024/Negative\3177.png,Negative
28-05-2024/Negative\3178.png,Negative
28-05-2024/Negative\3179.png,Negative
28-05-2024/Negative\3180.png,Negative
28-05-2024/Negative\3181.png,Negative
28-05-2024/Negative\3182.png,Negative
28-05-2024/Negative\3183.png,Negative
28-05-2024/Negative\3251.png,Negative
28-05-2024/Negative\3252.png,Negative
28-05-2024/Negative\3277.png,Negative
28-05-2024/Negative\3278.png,Negative
28-05-2024/Negative\3279.png,Negative
28-05-2024/Negative\3280.png,Negative
28-05-2024/Negative\3281.png,Negative
28-05-2024/Negative\3282.png,Negative
28-05-2024/Negative\3283.png,Negative
28-05-2024/Negative\3284.png,Negative
28-05-2024/Negative\3285.png,Negative
28-05-2024/Negative\3286.png,Negative
28-05-2024/Negative\3287.png,Negative
28-05-2024/Negative\3288.png,Negative
28-05-2024/Negative\3289.png,Negative
28-05-2024/Negative\3338.png,Negative
28-05-2024/Negative\3339.png,Negative
28-05-2024/Negative\3378.png,Negative
28-05-2024/Negative\3379.png,Negative
28-05-2024/Negative\3380.png,Negative
28-05-2024/Negative\3381.png,Negative
28-05-2024/Negative\3382.png,Negative
28-05-2024/Negative\3383.png,Negative
28-05-2024/Negative\3384.png,Negative
28-05-2024/Negative\3385.png,Negative
28-05-2024/Negative\3386.png,Negative
28-05-2024/Negative\3387.png,Negative
28-05-2024/Negative\3388.png,Negative
28-05-2024/Negative\3389.png,Negative
28-05-2024/Negative\3390.png,Negative
28-05-2024/Negative\3391.png,Negative
28-05-2024/Negative\3392.png,Negative
28-05-2024/Negative\3393.png,Negative
28-05-2024/Negative\3394.png,Negative
28-05-2024/Negative\3395.png,Negative
28-05-2024/Negative\3396.png,Negative
28-05-2024/Negative\3420.png,Negative
28-05-2024/Negative\3421.png,Negative
28-05-2024/Negative\3422.png,Negative
28-05-2024/Negative\3423.png,Negative
28-05-2024/Negative\3424.png,Negative
28-05-2024/Negative\3425.png,Negative
28-05-2024/Negative\3426.png,Negative
28-05-2024/Negative\3427.png,Negative
28-05-2024/Negative\3428.png,Negative
28-05-2024/Negative\3429.png,Negative
28-05-2024/Negative\3430.png,Negative
28-05-2024/Negative\3431.png,Negative
28-05-2024/Negative\3432.png,Negative
28-05-2024/Negative\3433.png,Negative
28-05-2024/Negative\3434.png,Negative
28-05-2024/Negative\3435.png,Negative
28-05-2024/Negative\3436.png,Negative
28-05-2024/Negative\3437.png,Negative
28-05-2024/Negative\3438.png,Negative
28-05-2024/Negative\3449.png,Negative
28-05-2024/Negative\3515.png,Negative
28-05-2024/Negative\3516.png,Negative
28-05-2024/Negative\3517.png,Negative
28-05-2024/Negative\3518.png,Negative
28-05-2024/Negative\3519.png,Negative
28-05-2024/Negative\3522.png,Negative
28-05-2024/Negative\3523.png,Negative
28-05-2024/Negative\3524.png,Negative
28-05-2024/Negative\3525.png,Negative
28-05-2024/Negative\3526.png,Negative
28-05-2024/Negative\3527.png,Negative
28-05-2024/Negative\3528.png,Negative
28-05-2024/Negative\3529.png,Negative
28-05-2024/Negative\3530.png,Negative
28-05-2024/Negative\3531.png,Negative
28-05-2024/Negative\3532.png,Negative
28-05-2024/Negative\3535.png,Negative
28-05-2024/Negative\3536.png,Negative
28-05-2024/Negative\3537.png,Negative
28-05-2024/Negative\3538.png,Negative
28-05-2024/Negative\3539.png,Negative
28-05-2024/Negative\3540.png,Negative
28-05-2024/Negative\3541.png,Negative
28-05-2024/Negative\3542.png,Negative
28-05-2024/Negative\3543.png,Negative
28-05-2024/Negative\3544.png,Negative
28-05-2024/Negative\3545.png,Negative
28-05-2024/Negative\3609.png,Negative
28-05-2024/Negative\3610.png,Negative
28-05-2024/Negative\3710.png,Negative
28-05-2024/Negative\3741.png,Negative
28-05-2024/Negative\3742.png,Negative
28-05-2024/Negative\3743.png,Negative
28-05-2024/Negative\3744.png,Negative
28-05-2024/Negative\3745.png,Negative
28-05-2024/Negative\3746.png,Negative
28-05-2024/Negative\3747.png,Negative
28-05-2024/Negative\3748.png,Negative
28-05-2024/Negative\3749.png,Negative
28-05-2024/Negative\3750.png,Negative
28-05-2024/Negative\3751.png,Negative
28-05-2024/Negative\3752.png,Negative
28-05-2024/Negative\3753.png,Negative
28-05-2024/Negative\3754.png,Negative
28-05-2024/Negative\3755.png,Negative
28-05-2024/Negative\3762.png,Negative
28-05-2024/Negative\3763.png,Negative
28-05-2024/Negative\3764.png,Negative
28-05-2024/Negative\3765.png,Negative
28-05-2024/Negative\3766.png,Negative
28-05-2024/Negative\3767.png,Negative
28-05-2024/Negative\3768.png,Negative
28-05-2024/Negative\3769.png,Negative
28-05-2024/Negative\3770.png,Negative
28-05-2024/Negative\3771.png,Negative
28-05-2024/Negative\3772.png,Negative
28-05-2024/Negative\3773.png,Negative
28-05-2024/Negative\3774.png,Negative
28-05-2024/Negative\3775.png,Negative
28-05-2024/Negative\3776.png,Negative
28-05-2024/Negative\3777.png,Negative
28-05-2024/Negative\3778.png,Negative
28-05-2024/Negative\3779.png,Negative
28-05-2024/Negative\3780.png,Negative
28-05-2024/Negative\3781.png,Negative
28-05-2024/Negative\3845.png,Negative
28-05-2024/Negative\3846.png,Negative
28-05-2024/Negative\3847.png,Negative
28-05-2024/Negative\3848.png,Negative
28-05-2024/Negative\3849.png,Negative
28-05-2024/Negative\3852.png,Negative
28-05-2024/Negative\3976.png,Negative
28-05-2024/Negative\3977.png,Negative
28-05-2024/Negative\3978.png,Negative
28-05-2024/Negative\3979.png,Negative
28-05-2024/Negative\3980.png,Negative
28-05-2024/Negative\3981.png,Negative
28-05-2024/Negative\3982.png,Negative
28-05-2024/Negative\3983.png,Negative
28-05-2024/Negative\3984.png,Negative
28-05-2024/Negative\4165.png,Negative
28-05-2024/Negative\4166.png,Negative
28-05-2024/Negative\4167.png,Negative
28-05-2024/Negative\4168.png,Negative
28-05-2024/Negative\4169.png,Negative
28-05-2024/Negative\4170.png,Negative
28-05-2024/Negative\4171.png,Negative
28-05-2024/Negative\4172.png,Negative
28-05-2024/Negative\4173.png,Negative
28-05-2024/Negative\4174.png,Negative
28-05-2024/Negative\4175.png,Negative
28-05-2024/Negative\4176.png,Negative
28-05-2024/Negative\4177.png,Negative
28-05-2024/Negative\4178.png,Negative
28-05-2024/Negative\4179.png,Negative
28-05-2024/Negative\4180.png,Negative
28-05-2024/Negative\4181.png,Negative
28-05-2024/Negative\4182.png,Negative
28-05-2024/Negative\4183.png,Negative
28-05-2024/Negative\4184.png,Negative
28-05-2024/Negative\4185.png,Negative
28-05-2024/Negative\4186.png,Negative
28-05-2024/Negative\4187.png,Negative
28-05-2024/Negative\4188.png,Negative
28-05-2024/Negative\4189.png,Negative
28-05-2024/Negative\4190.png,Negative
28-05-2024/Negative\4191.png,Negative
28-05-2024/Negative\4192.png,Negative
28-05-2024/Negative\4193.png,Negative
28-05-2024/Negative\4194.png,Negative
28-05-2024/Negative\4195.png,Negative
28-05-2024/Negative\4248.png,Negative
28-05-2024/Negative\4249.png,Negative
28-05-2024/Negative\4250.png,Negative
28-05-2024/Negative\4251.png,Negative
28-05-2024/Negative\4252.png,Negative
28-05-2024/Negative\4253.png,Negative
28-05-2024/Negative\4254.png,Negative
28-05-2024/Negative\4255.png,Negative
28-05-2024/Negative\4256.png,Negative
28-05-2024/Negative\4257.png,Negative
28-05-2024/Negative\4258.png,Negative
28-05-2024/Negative\4259.png,Negative
28-05-2024/Negative\43.png,Negative
28-05-2024/Negative\44.png,Negative
28-05-2024/Negative\4403.png,Negative
28-05-2024/Negative\4404.png,Negative
28-05-2024/Negative\4405.png,Negative
28-05-2024/Negative\4406.png,Negative
28-05-2024/Negative\4407.png,Negative
28-05-2024/Negative\4408.png,Negative
28-05-2024/Negative\4409.png,Negative
28-05-2024/Negative\4410.png,Negative
28-05-2024/Negative\4411.png,Negative
28-05-2024/Negative\4412.png,Negative
28-05-2024/Negative\4413.png,Negative
28-05-2024/Negative\4414.png,Negative
28-05-2024/Negative\4415.png,Negative
28-05-2024/Negative\4416.png,Negative
28-05-2024/Negative\4417.png,Negative
28-05-2024/Negative\4418.png,Negative
28-05-2024/Negative\4419.png,Negative
28-05-2024/Negative\4420.png,Negative
28-05-2024/Negative\4421.png,Negative
28-05-2024/Negative\4422.png,Negative
28-05-2024/Negative\4423.png,Negative
28-05-2024/Negative\4424.png,Negative
28-05-2024/Negative\4425.png,Negative
28-05-2024/Negative\4426.png,Negative
28-05-2024/Negative\4427.png,Negative
28-05-2024/Negative\4428.png,Negative
28-05-2024/Negative\4429.png,Negative
28-05-2024/Negative\4430.png,Negative
28-05-2024/Negative\4431.png,Negative
28-05-2024/Negative\4432.png,Negative
28-05-2024/Negative\4433.png,Negative
28-05-2024/Negative\4434.png,Negative
28-05-2024/Negative\4435.png,Negative
28-05-2024/Negative\4436.png,Negative
28-05-2024/Negative\4437.png,Negative
28-05-2024/Negative\4438.png,Negative
28-05-2024/Negative\4439.png,Negative
28-05-2024/Negative\4440.png,Negative
28-05-2024/Negative\4441.png,Negative
28-05-2024/Negative\4442.png,Negative
28-05-2024/Negative\4443.png,Negative
28-05-2024/Negative\4444.png,Negative
28-05-2024/Negative\4445.png,Negative
28-05-2024/Negative\4446.png,Negative
28-05-2024/Negative\4447.png,Negative
28-05-2024/Negative\4448.png,Negative
28-05-2024/Negative\4449.png,Negative
28-05-2024/Negative\4450.png,Negative
28-05-2024/Negative\4454.png,Negative
28-05-2024/Negative\4455.png,Negative
28-05-2024/Negative\4456.png,Negative
28-05-2024/Negative\4457.png,Negative
28-05-2024/Negative\4458.png,Negative
28-05-2024/Negative\4459.png,Negative
28-05-2024/Negative\4464.png,Negative
28-05-2024/Negative\4465.png,Negative
28-05-2024/Negative\4466.png,Negative
28-05-2024/Negative\4467.png,Negative
28-05-2024/Negative\4469.png,Negative
28-05-2024/Negative\4471.png,Negative
28-05-2024/Negative\4472.png,Negative
28-05-2024/Negative\4473.png,Negative
28-05-2024/Negative\4474.png,Negative
28-05-2024/Negative\4475.png,Negative
28-05-2024/Negative\4476.png,Negative
28-05-2024/Negative\4477.png,Negative
28-05-2024/Negative\4478.png,Negative
28-05-2024/Negative\4479.png,Negative
28-05-2024/Negative\4483.png,Negative
28-05-2024/Negative\4484.png,Negative
28-05-2024/Negative\4485.png,Negative
28-05-2024/Negative\4486.png,Negative
28-05-2024/Negative\4487.png,Negative
28-05-2024/Negative\4488.png,Negative
28-05-2024/Negative\4489.png,Negative
28-05-2024/Negative\4490.png,Negative
28-05-2024/Negative\4492.png,Negative
28-05-2024/Negative\4493.png,Negative
28-05-2024/Negative\46.png,Negative
28-05-2024/Negative\47.png,Negative
28-05-2024/Negative\4723.png,Negative
28-05-2024/Negative\4724.png,Negative
28-05-2024/Negative\4725.png,Negative
28-05-2024/Negative\4726.png,Negative
28-05-2024/Negative\4727.png,Negative
28-05-2024/Negative\4728.png,Negative
28-05-2024/Negative\4729.png,Negative
28-05-2024/Negative\4730.png,Negative
28-05-2024/Negative\4731.png,Negative
28-05-2024/Negative\4732.png,Negative
28-05-2024/Negative\4733.png,Negative
28-05-2024/Negative\4734.png,Negative
28-05-2024/Negative\4735.png,Negative
28-05-2024/Negative\4736.png,Negative
28-05-2024/Negative\4737.png,Negative
28-05-2024/Negative\4738.png,Negative
28-05-2024/Negative\4739.png,Negative
28-05-2024/Negative\4740.png,Negative
28-05-2024/Negative\4741.png,Negative
28-05-2024/Negative\4742.png,Negative
28-05-2024/Negative\4743.png,Negative
28-05-2024/Negative\4744.png,Negative
28-05-2024/Negative\4745.png,Negative
28-05-2024/Negative\4748.png,Negative
28-05-2024/Negative\4749.png,Negative
28-05-2024/Negative\4750.png,Negative
28-05-2024/Negative\4751.png,Negative
28-05-2024/Negative\4752.png,Negative
28-05-2024/Negative\4753.png,Negative
28-05-2024/Negative\4754.png,Negative
28-05-2024/Negative\4755.png,Negative
28-05-2024/Negative\4756.png,Negative
28-05-2024/Negative\4757.png,Negative
28-05-2024/Negative\4758.png,Negative
28-05-2024/Negative\4759.png,Negative
28-05-2024/Negative\4760.png,Negative
28-05-2024/Negative\4804.png,Negative
28-05-2024/Negative\4805.png,Negative
28-05-2024/Negative\4806.png,Negative
28-05-2024/Negative\4807.png,Negative
28-05-2024/Negative\4808.png,Negative
28-05-2024/Negative\4809.png,Negative
28-05-2024/Negative\4810.png,Negative
28-05-2024/Negative\4826.png,Negative
28-05-2024/Negative\4827.png,Negative
28-05-2024/Negative\4828.png,Negative
28-05-2024/Negative\4829.png,Negative
28-05-2024/Negative\4830.png,Negative
28-05-2024/Negative\4831.png,Negative
28-05-2024/Negative\4832.png,Negative
28-05-2024/Negative\4833.png,Negative
28-05-2024/Negative\4834.png,Negative
28-05-2024/Negative\4835.png,Negative
28-05-2024/Negative\4836.png,Negative
28-05-2024/Negative\4837.png,Negative
28-05-2024/Negative\4838.png,Negative
28-05-2024/Negative\4839.png,Negative
28-05-2024/Negative\4840.png,Negative
28-05-2024/Negative\4917.png,Negative
28-05-2024/Negative\4918.png,Negative
28-05-2024/Negative\4919.png,Negative
28-05-2024/Negative\4920.png,Negative
28-05-2024/Negative\4921.png,Negative
28-05-2024/Negative\4922.png,Negative
28-05-2024/Negative\4923.png,Negative
28-05-2024/Negative\4931.png,Negative
28-05-2024/Negative\4932.png,Negative
28-05-2024/Negative\4933.png,Negative
28-05-2024/Negative\4934.png,Negative
28-05-2024/Negative\4935.png,Negative
28-05-2024/Negative\4936.png,Negative
28-05-2024/Negative\4937.png,Negative
28-05-2024/Negative\4984.png,Negative
28-05-2024/Negative\4985.png,Negative
28-05-2024/Negative\5.png,Negative
28-05-2024/Negative\5001.png,Negative
28-05-2024/Negative\5002.png,Negative
28-05-2024/Negative\5070.png,Negative
28-05-2024/Negative\5071.png,Negative
28-05-2024/Negative\5072.png,Negative
28-05-2024/Negative\5084.png,Negative
28-05-2024/Negative\5085.png,Negative
28-05-2024/Negative\5086.png,Negative
28-05-2024/Negative\5087.png,Negative
28-05-2024/Negative\5088.png,Negative
28-05-2024/Negative\5089.png,Negative
28-05-2024/Negative\5091.png,Negative
28-05-2024/Negative\5092.png,Negative
28-05-2024/Negative\5093.png,Negative
28-05-2024/Negative\5094.png,Negative
28-05-2024/Negative\5095.png,Negative
28-05-2024/Negative\5153.png,Negative
28-05-2024/Negative\5154.png,Negative
28-05-2024/Negative\5203.png,Negative
28-05-2024/Negative\5311.png,Negative
28-05-2024/Negative\5312.png,Negative
28-05-2024/Negative\5313.png,Negative
28-05-2024/Negative\5314.png,Negative
28-05-2024/Negative\5315.png,Negative
28-05-2024/Negative\5316.png,Negative
28-05-2024/Negative\5330.png,Negative
28-05-2024/Negative\5331.png,Negative
28-05-2024/Negative\5332.png,Negative
28-05-2024/Negative\5333.png,Negative
28-05-2024/Negative\5334.png,Negative
28-05-2024/Negative\5399.png,Negative
28-05-2024/Negative\5470.png,Negative
28-05-2024/Negative\5471.png,Negative
28-05-2024/Negative\5472.png,Negative
28-05-2024/Negative\5473.png,Negative
28-05-2024/Negative\5474.png,Negative
28-05-2024/Negative\5475.png,Negative
28-05-2024/Negative\5476.png,Negative
28-05-2024/Negative\5477.png,Negative
28-05-2024/Negative\5478.png,Negative
28-05-2024/Negative\5479.png,Negative
28-05-2024/Negative\5480.png,Negative
28-05-2024/Negative\5481.png,Negative
28-05-2024/Negative\5483.png,Negative
28-05-2024/Negative\5484.png,Negative
28-05-2024/Negative\5485.png,Negative
28-05-2024/Negative\5486.png,Negative
28-05-2024/Negative\5487.png,Negative
28-05-2024/Negative\5488.png,Negative
28-05-2024/Negative\5489.png,Negative
28-05-2024/Negative\5490.png,Negative
28-05-2024/Negative\5491.png,Negative
28-05-2024/Negative\5495.png,Negative
28-05-2024/Negative\5545.png,Negative
28-05-2024/Negative\5546.png,Negative
28-05-2024/Negative\5551.png,Negative
28-05-2024/Negative\5552.png,Negative
28-05-2024/Negative\5553.png,Negative
28-05-2024/Negative\5554.png,Negative
28-05-2024/Negative\5555.png,Negative
28-05-2024/Negative\5565.png,Negative
28-05-2024/Negative\5566.png,Negative
28-05-2024/Negative\5567.png,Negative
28-05-2024/Negative\5568.png,Negative
28-05-2024/Negative\5569.png,Negative
28-05-2024/Negative\5570.png,Negative
28-05-2024/Negative\560.png,Negative
28-05-2024/Negative\561.png,Negative
28-05-2024/Negative\562.png,Negative
28-05-2024/Negative\563.png,Negative
28-05-2024/Negative\5636.png,Negative
28-05-2024/Negative\5637.png,Negative
28-05-2024/Negative\5638.png,Negative
28-05-2024/Negative\564.png,Negative
28-05-2024/Negative\5641.png,Negative
28-05-2024/Negative\5642.png,Negative
28-05-2024/Negative\5643.png,Negative
28-05-2024/Negative\5644.png,Negative
28-05-2024/Negative\5645.png,Negative
28-05-2024/Negative\5646.png,Negative
28-05-2024/Negative\5647.png,Negative
28-05-2024/Negative\565.png,Negative
28-05-2024/Negative\566.png,Negative
28-05-2024/Negative\567.png,Negative
28-05-2024/Negative\5675.png,Negative
28-05-2024/Negative\5676.png,Negative
28-05-2024/Negative\5677.png,Negative
28-05-2024/Negative\5678.png,Negative
28-05-2024/Negative\5679.png,Negative
28-05-2024/Negative\568.png,Negative
28-05-2024/Negative\5680.png,Negative
28-05-2024/Negative\5681.png,Negative
28-05-2024/Negative\5682.png,Negative
28-05-2024/Negative\5683.png,Negative
28-05-2024/Negative\5684.png,Negative
28-05-2024/Negative\5685.png,Negative
28-05-2024/Negative\5686.png,Negative
28-05-2024/Negative\569.png,Negative
28-05-2024/Negative\5703.png,Negative
28-05-2024/Negative\5704.png,Negative
28-05-2024/Negative\5705.png,Negative
28-05-2024/Negative\5706.png,Negative
28-05-2024/Negative\5707.png,Negative
28-05-2024/Negative\5723.png,Negative
28-05-2024/Negative\5724.png,Negative
28-05-2024/Negative\5725.png,Negative
28-05-2024/Negative\5726.png,Negative
28-05-2024/Negative\5727.png,Negative
28-05-2024/Negative\5728.png,Negative
28-05-2024/Negative\5778.png,Negative
28-05-2024/Negative\5779.png,Negative
28-05-2024/Negative\5780.png,Negative
28-05-2024/Negative\5826.png,Negative
28-05-2024/Negative\5985.png,Negative
28-05-2024/Negative\5986.png,Negative
28-05-2024/Negative\5987.png,Negative
28-05-2024/Negative\5988.png,Negative
28-05-2024/Negative\5989.png,Negative
28-05-2024/Negative\5990.png,Negative
28-05-2024/Negative\5991.png,Negative
28-05-2024/Negative\5992.png,Negative
28-05-2024/Negative\5993.png,Negative
28-05-2024/Negative\5994.png,Negative
28-05-2024/Negative\5995.png,Negative
28-05-2024/Negative\5996.png,Negative
28-05-2024/Negative\5997.png,Negative
28-05-2024/Negative\5998.png,Negative
28-05-2024/Negative\5999.png,Negative
28-05-2024/Negative\6.png,Negative
28-05-2024/Negative\6000.png,Negative
28-05-2024/Negative\6001.png,Negative
28-05-2024/Negative\6002.png,Negative
28-05-2024/Negative\6003.png,Negative
28-05-2024/Negative\6203.png,Negative
28-05-2024/Negative\6204.png,Negative
28-05-2024/Negative\6205.png,Negative
28-05-2024/Negative\6206.png,Negative
28-05-2024/Negative\6207.png,Negative
28-05-2024/Negative\6649.png,Negative
28-05-2024/Negative\6650.png,Negative
28-05-2024/Negative\6651.png,Negative
28-05-2024/Negative\6652.png,Negative
28-05-2024/Negative\6653.png,Negative
28-05-2024/Negative\6654.png,Negative
28-05-2024/Negative\6655.png,Negative
28-05-2024/Negative\6656.png,Negative
28-05-2024/Negative\6657.png,Negative
28-05-2024/Negative\6658.png,Negative
28-05-2024/Negative\6659.png,Negative
28-05-2024/Negative\6660.png,Negative
28-05-2024/Negative\6661.png,Negative
28-05-2024/Negative\6723.png,Negative
28-05-2024/Negative\6981.png,Negative
28-05-2024/Negative\6982.png,Negative
28-05-2024/Negative\6983.png,Negative
28-05-2024/Negative\6984.png,Negative
28-05-2024/Negative\6985.png,Negative
28-05-2024/Negative\6986.png,Negative
28-05-2024/Negative\6987.png,Negative
28-05-2024/Negative\6988.png,Negative
28-05-2024/Negative\6989.png,Negative
28-05-2024/Negative\6990.png,Negative
28-05-2024/Negative\6991.png,Negative
28-05-2024/Negative\6992.png,Negative
28-05-2024/Negative\6993.png,Negative
28-05-2024/Negative\6994.png,Negative
28-05-2024/Negative\6995.png,Negative
28-05-2024/Negative\6996.png,Negative
28-05-2024/Negative\6997.png,Negative
28-05-2024/Negative\6998.png,Negative
28-05-2024/Negative\6999.png,Negative
28-05-2024/Negative\7000.png,Negative
28-05-2024/Negative\7001.png,Negative
28-05-2024/Negative\7002.png,Negative
28-05-2024/Negative\7003.png,Negative
28-05-2024/Negative\7004.png,Negative
28-05-2024/Negative\7005.png,Negative
28-05-2024/Negative\7006.png,Negative
28-05-2024/Negative\7007.png,Negative
28-05-2024/Negative\7008.png,Negative
28-05-2024/Negative\7009.png,Negative
28-05-2024/Negative\7010.png,Negative
28-05-2024/Negative\7011.png,Negative
28-05-2024/Negative\7012.png,Negative
28-05-2024/Negative\7013.png,Negative
28-05-2024/Negative\7026.png,Negative
28-05-2024/Negative\7027.png,Negative
28-05-2024/Negative\7028.png,Negative
28-05-2024/Negative\7029.png,Negative
28-05-2024/Negative\7030.png,Negative
28-05-2024/Negative\7031.png,Negative
28-05-2024/Negative\7032.png,Negative
28-05-2024/Negative\7033.png,Negative
28-05-2024/Negative\7113.png,Negative
28-05-2024/Negative\7114.png,Negative
28-05-2024/Negative\7115.png,Negative
28-05-2024/Negative\7116.png,Negative
28-05-2024/Negative\7117.png,Negative
28-05-2024/Negative\7118.png,Negative
28-05-2024/Negative\7119.png,Negative
28-05-2024/Negative\7120.png,Negative
28-05-2024/Negative\7121.png,Negative
28-05-2024/Negative\7122.png,Negative
28-05-2024/Negative\7123.png,Negative
28-05-2024/Negative\7124.png,Negative
28-05-2024/Negative\7125.png,Negative
28-05-2024/Negative\7126.png,Negative
28-05-2024/Negative\7137.png,Negative
28-05-2024/Negative\7138.png,Negative
28-05-2024/Negative\7139.png,Negative
28-05-2024/Negative\7140.png,Negative
28-05-2024/Negative\7243.png,Negative
28-05-2024/Negative\7244.png,Negative
28-05-2024/Negative\7245.png,Negative
28-05-2024/Negative\7246.png,Negative
28-05-2024/Negative\7301.png,Negative
28-05-2024/Negative\7302.png,Negative
28-05-2024/Negative\7303.png,Negative
28-05-2024/Negative\7304.png,Negative
28-05-2024/Negative\7305.png,Negative
28-05-2024/Negative\7306.png,Negative
28-05-2024/Negative\7307.png,Negative
28-05-2024/Negative\7308.png,Negative
28-05-2024/Negative\7309.png,Negative
28-05-2024/Negative\7310.png,Negative
28-05-2024/Negative\7311.png,Negative
28-05-2024/Negative\7312.png,Negative
28-05-2024/Negative\7313.png,Negative
28-05-2024/Negative\7314.png,Negative
28-05-2024/Negative\7315.png,Negative
28-05-2024/Negative\7316.png,Negative
28-05-2024/Negative\7317.png,Negative
28-05-2024/Negative\7318.png,Negative
28-05-2024/Negative\7319.png,Negative
28-05-2024/Negative\7320.png,Negative
28-05-2024/Negative\7321.png,Negative
28-05-2024/Negative\7322.png,Negative
28-05-2024/Negative\7323.png,Negative
28-05-2024/Negative\7324.png,Negative
28-05-2024/Negative\7325.png,Negative
28-05-2024/Negative\7326.png,Negative
28-05-2024/Negative\7340.png,Negative
28-05-2024/Negative\7341.png,Negative
28-05-2024/Negative\7442.png,Negative
28-05-2024/Negative\7443.png,Negative
28-05-2024/Negative\7444.png,Negative
28-05-2024/Negative\7445.png,Negative
28-05-2024/Negative\7446.png,Negative
28-05-2024/Negative\7447.png,Negative
28-05-2024/Negative\7448.png,Negative
28-05-2024/Negative\7449.png,Negative
28-05-2024/Negative\7450.png,Negative
28-05-2024/Negative\7451.png,Negative
28-05-2024/Negative\7452.png,Negative
28-05-2024/Negative\7453.png,Negative
28-05-2024/Negative\7454.png,Negative
28-05-2024/Negative\7455.png,Negative
28-05-2024/Negative\7456.png,Negative
28-05-2024/Negative\7457.png,Negative
28-05-2024/Negative\7460.png,Negative
28-05-2024/Negative\7461.png,Negative
28-05-2024/Negative\7462.png,Negative
28-05-2024/Negative\7463.png,Negative
28-05-2024/Negative\7464.png,Negative
28-05-2024/Negative\7465.png,Negative
28-05-2024/Negative\7466.png,Negative
28-05-2024/Negative\7467.png,Negative
28-05-2024/Negative\7468.png,Negative
28-05-2024/Negative\7469.png,Negative
28-05-2024/Negative\7470.png,Negative
28-05-2024/Negative\7471.png,Negative
28-05-2024/Negative\7472.png,Negative
28-05-2024/Negative\7654.png,Negative
28-05-2024/Negative\7655.png,Negative
28-05-2024/Negative\7656.png,Negative
28-05-2024/Negative\7657.png,Negative
28-05-2024/Negative\8447.png,Negative
28-05-2024/Negative\8448.png,Negative
28-05-2024/Negative\8449.png,Negative
28-05-2024/Negative\8769.png,Negative
28-05-2024/Negative\8770.png,Negative
28-05-2024/Negative\8771.png,Negative
28-05-2024/Negative\948.png,Negative
28-05-2024/Negative\949.png,Negative
28-05-2024/Negative\950.png,Negative
28-05-2024/Negative\951.png,Negative
28-05-2024/Negative\952.png,Negative
28-05-2024/Negative\953.png,Negative
28-05-2024/Negative\987.png,Negative
28-05-2024/Negative\988.png,Negative
28-05-2024/Negative\9949.png,Negative
28-05-2024/Negative\9950.png,Negative
28-05-2024/Negative\9951.png,Negative
28-05-2024/Negative\9952.png,Negative
28-05-2024/Negative\9956.png,Negative
28-05-2024/Negative\9957.png,Negative
28-05-2024/Negative\9969.png,Negative
28-05-2024/Negative\9970.png,Negative
28-05-2024/Negative\9971.png,Negative
28-05-2024/Negative\9972.png,Negative
28-05-2024/Negative\9973.png,Negative
28-05-2024/Negative\9974.png,Negative
28-05-2024/Negative\9975.png,Negative
28-05-2024/Negative\9976.png,Negative
28-05-2024/Negative\9977.png,Negative
28-05-2024/Negative\9978.png,Negative
28-05-2024/Negative\9979.png,Negative
28-05-2024/Negative\9980.png,Negative
28-05-2024/Negative\9981.png,Negative
28-05-2024/SCC\1.png,SCC
28-05-2024/SCC\2.png,SCC
28-05-2024/SCC\3.png,SCC
28-05-2024/SCC\4.png,SCC
28-05-2024/SCC\45.png,SCC
28-05-2024/SCC\7617.png,SCC
28-05-2024/SCC\7618.png,SCC
28-05-2024/SCC\7619.png,SCC
28-05-2024/SCC\7620.png,SCC
28-05-2024/SCC\7621.png,SCC
28-05-2024/SCC\7622.png,SCC
28-05-2024/SCC\7623.png,SCC
28-05-2024/SCC\7624.png,SCC
28-05-2024/SCC\7625.png,SCC
28-05-2024/SCC\7626.png,SCC
28-05-2024/SCC\7627.png,SCC
28-05-2024/SCC\7628.png,SCC
28-05-2024/SCC\7629.png,SCC
28-05-2024/SCC\7630.png,SCC
28-05-2024/SCC\7631.png,SCC
28-05-2024/SCC\7632.png,SCC
28-05-2024/SCC\7633.png,SCC
28-05-2024/SCC\7634.png,SCC
28-05-2024/SCC\7635.png,SCC
28-05-2024/SCC\7636.png,SCC
28-05-2024/SCC\7637.png,SCC
28-05-2024/SCC\7652.png,SCC
28-05-2024/SCC\7658.png,SCC
28-05-2024/SCC\7659.png,SCC
28-05-2024/SCC\7660.png,SCC
28-05-2024/SCC\7661.png,SCC
28-05-2024/SCC\7687.png,SCC
28-05-2024/SCC\7688.png,SCC
28-05-2024/SCC\7689.png,SCC
28-05-2024/SCC\7690.png,SCC
28-05-2024/SCC\7897.png,SCC
28-05-2024/SCC\7898.png,SCC
28-05-2024/SCC\8013.png,SCC
28-05-2024/SCC\8014.png,SCC
28-05-2024/SCC\8015.png,SCC
28-05-2024/SCC\8056.png,SCC
28-05-2024/SCC\8057.png,SCC
28-05-2024/SCC\8058.png,SCC
